[ 
{ 
"line_number":432,
"product_type":"AWWA C905 PVC 20'",
"size":"14",
"length":"20",
"pcs_lift":"9",
"ft_lift":"180",
"lifts_load":"8",
"load_percentage":"12.5%",
"ft_load":"1440",
"source":"jme_CIODLoadingChart"
},
{ 
"line_number":431,
"product_type":"AWWA C900 PVC 20'",
"size":"12 DR 14",
"length":"20",
"pcs_lift":"6 / 8",
"ft_lift":"120 / 160",
"lifts_load":"6 / 6",
"load_percentage":"7.1 / 9.5%",
"ft_load":"1680",
"source":"jme_CIODLoadingChart"
},
{ 
"line_number":430,
"product_type":"AWWA C900 PVC 20'",
"size":"12 DR 18, 25",
"length":"20",
"pcs_lift":"6 / 8",
"ft_lift":"120 / 160",
"lifts_load":"4 / 4",
"load_percentage":"6.1 / 8.2%",
"ft_load":"1960",
"source":"jme_CIODLoadingChart"
},
{ 
"line_number":429,
"product_type":"AWWA C900 PVC 20'",
"size":"10",
"length":"20",
"pcs_lift":"16",
"ft_lift":"320",
"lifts_load":"8",
"load_percentage":"12.5%",
"ft_load":"2560",
"source":"jme_CIODLoadingChart"
},
{ 
"line_number":428,
"product_type":"AWWA C900 PVC 20'",
"size":"8 DR 14",
"length":"20",
"pcs_lift":"15",
"ft_lift":"300",
"lifts_load":"12",
"load_percentage":"8.3%",
"ft_load":"3600",
"source":"jme_CIODLoadingChart"
},
{ 
"line_number":427,
"product_type":"AWWA C900 PVC 20'",
"size":"8 DR 18, 25",
"length":"20",
"pcs_lift":"15 / 20",
"ft_lift":"300 / 400",
"lifts_load":"8 / 4",
"load_percentage":"7.5 / 10.0%",
"ft_load":"4000",
"source":"jme_CIODLoadingChart"
},
{ 
"line_number":426,
"product_type":"AWWA C900 PVC 20'",
"size":"6",
"length":"20",
"pcs_lift":"28",
"ft_lift":"560",
"lifts_load":"12",
"load_percentage":"8.3%",
"ft_load":"6720",
"source":"jme_CIODLoadingChart"
},
{ 
"line_number":425,
"product_type":"AWWA C900 PVC 20'",
"size":"4",
"length":"20",
"pcs_lift":"60",
"ft_lift":"1200",
"lifts_load":"12",
"load_percentage":"8.3%",
"ft_load":"14400",
"source":"jme_CIODLoadingChart"
},
{ 
"line_number":424,
"product_type":"GRAVITY SEWER 14'",
"size":"48",
"length":"14",
"pcs_lift":"2",
"ft_lift":"28",
"lifts_load":"3",
"load_percentage":"33.3%",
"ft_load":"84",
"source":"jme_GravitySewerLoadingChart"
},
{ 
"line_number":423,
"product_type":"GRAVITY SEWER 14'",
"size":"42",
"length":"14",
"pcs_lift":"2",
"ft_lift":"28",
"lifts_load":"6",
"load_percentage":"16.7%",
"ft_load":"168",
"source":"jme_GravitySewerLoadingChart"
},
{ 
"line_number":422,
"product_type":"GRAVITY SEWER 14'",
"size":"36",
"length":"14",
"pcs_lift":"2",
"ft_lift":"28",
"lifts_load":"6",
"load_percentage":"16.7%",
"ft_load":"168",
"source":"jme_GravitySewerLoadingChart"
},
{ 
"line_number":421,
"product_type":"GRAVITY SEWER 14'",
"size":"30 (West)*",
"length":"14",
"pcs_lift":"3",
"ft_lift":"42",
"lifts_load":"9",
"load_percentage":"11.1%",
"ft_load":"378",
"source":"jme_GravitySewerLoadingChart"
},
{ 
"line_number":420,
"product_type":"GRAVITY SEWER 14'",
"size":"30",
"length":"14",
"pcs_lift":"3",
"ft_lift":"42",
"lifts_load":"6",
"load_percentage":"16.7%",
"ft_load":"252",
"source":"jme_GravitySewerLoadingChart"
},
{ 
"line_number":419,
"product_type":"GRAVITY SEWER 14'",
"size":"27",
"length":"14",
"pcs_lift":"3",
"ft_lift":"42",
"lifts_load":"9",
"load_percentage":"11.1%",
"ft_load":"378",
"source":"jme_GravitySewerLoadingChart"
},
{ 
"line_number":418,
"product_type":"GRAVITY SEWER 14'",
"size":"24 (West)*",
"length":"14",
"pcs_lift":"4",
"ft_lift":"56",
"lifts_load":"12",
"load_percentage":"8.3%",
"ft_load":"672",
"source":"jme_GravitySewerLoadingChart"
},
{ 
"line_number":417,
"product_type":"GRAVITY SEWER 14'",
"size":"24",
"length":"14",
"pcs_lift":"2 / 4",
"ft_lift":"28 / 56",
"lifts_load":"6 / 6",
"load_percentage":"5.6 / 11.1%",
"ft_load":"504",
"source":"jme_GravitySewerLoadingChart"
},
{ 
"line_number":416,
"product_type":"GRAVITY SEWER 14'",
"size":"21",
"length":"14",
"pcs_lift":"4",
"ft_lift":"56",
"lifts_load":"12",
"load_percentage":"8.3%",
"ft_load":"672",
"source":"jme_GravitySewerLoadingChart"
},
{ 
"line_number":414,
"product_type":"GRAVITY SEWER 14'",
"size":"15",
"length":"14",
"pcs_lift":"9",
"ft_lift":"126",
"lifts_load":"12",
"load_percentage":"8.3%",
"ft_load":"1512",
"source":"jme_GravitySewerLoadingChart"
},
{ 
"line_number":413,
"product_type":"GRAVITY SEWER 14'",
"size":"12 (West)*",
"length":"14",
"pcs_lift":"16",
"ft_lift":"224",
"lifts_load":"12",
"load_percentage":"8.3%",
"ft_load":"2688",
"source":"jme_GravitySewerLoadingChart"
},
{ 
"line_number":412,
"product_type":"GRAVITY SEWER 14'",
"size":"12",
"length":"14",
"pcs_lift":"12 / 16",
"ft_lift":"168 / 224",
"lifts_load":"6 / 6",
"load_percentage":"7.1 / 9.5%",
"ft_load":"2352",
"source":"jme_GravitySewerLoadingChart"
},
{ 
"line_number":411,
"product_type":"GRAVITY SEWER 14'",
"size":"10",
"length":"14",
"pcs_lift":"12 / 15",
"ft_lift":"168 / 210",
"lifts_load":"9 / 9",
"load_percentage":"4.9 / 6.2%",
"ft_load":"3402",
"source":"jme_GravitySewerLoadingChart"
},
{ 
"line_number":410,
"product_type":"GRAVITY SEWER 14'",
"size":"8 (West)*",
"length":"14",
"pcs_lift":"36",
"ft_lift":"504",
"lifts_load":"12",
"load_percentage":"8.3%",
"ft_load":"6048",
"source":"jme_GravitySewerLoadingChart"
},
{ 
"line_number":409,
"product_type":"GRAVITY SEWER 14'",
"size":"8",
"length":"14",
"pcs_lift":"30 / 36",
"ft_lift":"420 / 504",
"lifts_load":"6 / 6",
"load_percentage":"7.5 / 9.1%",
"ft_load":"5544",
"source":"jme_GravitySewerLoadingChart"
},
{ 
"line_number":408,
"product_type":"GRAVITY SEWER 14'",
"size":"6",
"length":"14",
"pcs_lift":"40",
"ft_lift":"560",
"lifts_load":"18",
"load_percentage":"5.6%",
"ft_load":"10080",
"source":"jme_GravitySewerLoadingChart"
},
{ 
"line_number":407,
"product_type":"GRAVITY SEWER 14'",
"size":"4",
"length":"14",
"pcs_lift":"84",
"ft_lift":"1176",
"lifts_load":"18",
"load_percentage":"5.6%",
"ft_load":"21168",
"source":"jme_GravitySewerLoadingChart"
},
{ 
"line_number":406,
"product_type":"GRAVITY SEWER 20'",
"size":"48",
"length":"20",
"pcs_lift":"2",
"ft_lift":"40",
"lifts_load":"2",
"load_percentage":"50.0%",
"ft_load":"80",
"source":"jme_GravitySewerLoadingChart"
},
{ 
"line_number":404,
"product_type":"GRAVITY SEWER 20'",
"size":"36",
"length":"20",
"pcs_lift":"2",
"ft_lift":"40",
"lifts_load":"4",
"load_percentage":"25.0%",
"ft_load":"160",
"source":"jme_GravitySewerLoadingChart"
},
{ 
"line_number":405,
"product_type":"GRAVITY SEWER 20'",
"size":"42",
"length":"20",
"pcs_lift":"2",
"ft_lift":"40",
"lifts_load":"4",
"load_percentage":"25.0%",
"ft_load":"160",
"source":"jme_GravitySewerLoadingChart"
},
{ 
"line_number":403,
"product_type":"GRAVITY SEWER 20'",
"size":"30 (West)*",
"length":"20",
"pcs_lift":"3",
"ft_lift":"60",
"lifts_load":"6",
"load_percentage":"16.7%",
"ft_load":"360",
"source":"jme_GravitySewerLoadingChart"
},
{ 
"line_number":402,
"product_type":"GRAVITY SEWER 20'",
"size":"30",
"length":"20",
"pcs_lift":"3",
"ft_lift":"60",
"lifts_load":"4",
"load_percentage":"25.0%",
"ft_load":"240",
"source":"jme_GravitySewerLoadingChart"
},
{ 
"line_number":401,
"product_type":"GRAVITY SEWER 20'",
"size":"27",
"length":"20",
"pcs_lift":"3",
"ft_lift":"60",
"lifts_load":"6",
"load_percentage":"16.7%",
"ft_load":"360",
"source":"jme_GravitySewerLoadingChart"
},
{ 
"line_number":400,
"product_type":"GRAVITY SEWER 20'",
"size":"24 (West)*",
"length":"20",
"pcs_lift":"4",
"ft_lift":"80",
"lifts_load":"8",
"load_percentage":"12.5%",
"ft_load":"640",
"source":"jme_GravitySewerLoadingChart"
},
{ 
"line_number":399,
"product_type":"GRAVITY SEWER 20'",
"size":"24",
"length":"20",
"pcs_lift":"2 / 4",
"ft_lift":"40 / 80",
"lifts_load":"4 / 4",
"load_percentage":"8.3 / 16.7%",
"ft_load":"480",
"source":"jme_GravitySewerLoadingChart"
},
{ 
"line_number":398,
"product_type":"GRAVITY SEWER 20'",
"size":"21",
"length":"20",
"pcs_lift":"4",
"ft_lift":"80",
"lifts_load":"8",
"load_percentage":"12.5%",
"ft_load":"640",
"source":"jme_GravitySewerLoadingChart"
},
{ 
"line_number":397,
"product_type":"GRAVITY SEWER 20'",
"size":"18",
"length":"20",
"pcs_lift":"4 / 6",
"ft_lift":"80 / 120",
"lifts_load":"2 / 2",
"load_percentage":"8.0 / 12.0%",
"ft_load":"1000",
"source":"jme_GravitySewerLoadingChart"
},
{ 
"line_number":396,
"product_type":"GRAVITY SEWER 20'",
"size":"15",
"length":"20",
"pcs_lift":"9",
"ft_lift":"180",
"lifts_load":"8",
"load_percentage":"12.5%",
"ft_load":"1440",
"source":"jme_GravitySewerLoadingChart"
},
{ 
"line_number":395,
"product_type":"GRAVITY SEWER 20'",
"size":"12 (West)*",
"length":"20",
"pcs_lift":"16",
"ft_lift":"320",
"lifts_load":"8",
"load_percentage":"12.5%",
"ft_load":"2560",
"source":"jme_GravitySewerLoadingChart"
},
{ 
"line_number":394,
"product_type":"GRAVITY SEWER 20'",
"size":"12",
"length":"20",
"pcs_lift":"12 / 16",
"ft_lift":"240 / 320",
"lifts_load":"4 / 4",
"load_percentage":"10.7 / 14.3%",
"ft_load":"2240",
"source":"jme_GravitySewerLoadingChart"
},
{ 
"line_number":393,
"product_type":"GRAVITY SEWER 20'",
"size":"10",
"length":"20",
"pcs_lift":"12 / 15",
"ft_lift":"240 / 300",
"lifts_load":"6 / 6",
"load_percentage":"7.4 / 9.3%",
"ft_load":"3240",
"source":"jme_GravitySewerLoadingChart"
},
{ 
"line_number":392,
"product_type":"GRAVITY SEWER 20'",
"size":"8 (West)*",
"length":"20",
"pcs_lift":"36",
"ft_lift":"720",
"lifts_load":"8",
"load_percentage":"12.5%",
"ft_load":"5760",
"source":"jme_GravitySewerLoadingChart"
},
{ 
"line_number":391,
"product_type":"GRAVITY SEWER 20'",
"size":"8",
"length":"20",
"pcs_lift":"30 / 36",
"ft_lift":"600 / 720",
"lifts_load":"4 / 4",
"load_percentage":"11.4 / 13.6%",
"ft_load":"5280",
"source":"jme_GravitySewerLoadingChart"
},
{ 
"line_number":390,
"product_type":"GRAVITY SEWER 20'",
"size":"6",
"length":"20",
"pcs_lift":"40",
"ft_lift":"800",
"lifts_load":"12",
"load_percentage":"8.3%",
"ft_load":"9600",
"source":"jme_GravitySewerLoadingChart"
},
{ 
"line_number":389,
"product_type":"GRAVITY SEWER 20'",
"size":"4",
"length":"20",
"pcs_lift":"84",
"ft_lift":"1680",
"lifts_load":"12",
"load_percentage":"8.3%",
"ft_load":"20160",
"source":"jme_GravitySewerLoadingChart"
},
{ 
"line_number":388,
"product_type":"ULTRA-BLUE RT IPS PVCO 20'",
"size":"12",
"length":"20",
"pcs_lift":"9 / 12",
"ft_lift":"180 / 240",
"lifts_load":"2 / 2",
"load_percentage":"9.2 / 12.2%",
"ft_load":"1960",
"source":"jme_IPSPressureLoadingChart"
},
{ 
"line_number":387,
"product_type":"ULTRA-BLUE RT IPS PVCO 20'",
"size":"12",
"length":"20",
"pcs_lift":"6 / 8",
"ft_lift":"120 / 160",
"lifts_load":"4 / 4",
"load_percentage":"6.1 / 8.2%",
"ft_load":"1960",
"source":"jme_IPSPressureLoadingChart"
},
{ 
"line_number":386,
"product_type":"ULTRA-BLUE RT IPS PVCO 20'",
"size":"10",
"length":"20",
"pcs_lift":"8",
"ft_lift":"160",
"lifts_load":"16",
"load_percentage":"6.3%",
"ft_load":"2560",
"source":"jme_IPSPressureLoadingChart"
},
{ 
"line_number":385,
"product_type":"ULTRA-BLUE RT IPS PVCO 20'",
"size":"8",
"length":"20",
"pcs_lift":"25 / 30",
"ft_lift":"500 / 600",
"lifts_load":"4 / 4",
"load_percentage":"11.4 / 13.6%",
"ft_load":"4400",
"source":"jme_IPSPressureLoadingChart"
},
{ 
"line_number":384,
"product_type":"ULTRA-BLUE RT IPS PVCO 20'",
"size":"6",
"length":"20",
"pcs_lift":"28 / 35",
"ft_lift":"560 / 700",
"lifts_load":"4 / 8",
"load_percentage":"7.1 / 8.9%",
"ft_load":"7840",
"source":"jme_IPSPressureLoadingChart"
},
{ 
"line_number":382,
"product_type":"SE/RT IPS 63 PSI 20 20'",
"size":"12",
"length":"20",
"pcs_lift":"6 / 8",
"ft_lift":"120 / 160",
"lifts_load":"6 / 6",
"load_percentage":"7.1 / 9.5%",
"ft_load":"1680",
"source":"jme_IPSPressureLoadingChart"
},
{ 
"line_number":381,
"product_type":"SE/RT IPS 63 PSI 20 20'",
"size":"10",
"length":"20",
"pcs_lift":"12",
"ft_lift":"240",
"lifts_load":"12",
"load_percentage":"8.3%",
"ft_load":"2880",
"source":"jme_IPSPressureLoadingChart"
},
{ 
"line_number":380,
"product_type":"SE/RT IPS 63 PSI 20 20'",
"size":"8",
"length":"20",
"pcs_lift":"15",
"ft_lift":"300",
"lifts_load":"12",
"load_percentage":"8.3%",
"ft_load":"3600",
"source":"jme_IPSPressureLoadingChart"
},
{ 
"line_number":379,
"product_type":"RT IPS 40'",
"size":"4",
"length":"40",
"pcs_lift":"38 / 57",
"ft_lift":"1520 / 2280",
"lifts_load":"2 / 6",
"load_percentage":"9.1 / 13.6%",
"ft_load":"16720",
"source":"jme_IPSPressureLoadingChart"
},
{ 
"line_number":378,
"product_type":"RT IPS 20'",
"size":"1 1/2",
"length":"20",
"pcs_lift":"270",
"ft_lift":"5400",
"lifts_load":"16",
"load_percentage":"6.3%",
"ft_load":"86400",
"source":"jme_IPSPressureLoadingChart"
},
{ 
"line_number":377,
"product_type":"RT IPS 20'",
"size":"2",
"length":"20",
"pcs_lift":"185",
"ft_lift":"3700",
"lifts_load":"16",
"load_percentage":"6.3%",
"ft_load":"59200",
"source":"jme_IPSPressureLoadingChart"
},
{ 
"line_number":376,
"product_type":"RT IPS 20'",
"size":"2 1/2",
"length":"20",
"pcs_lift":"73",
"ft_lift":"1460",
"lifts_load":"28",
"load_percentage":"3.6%",
"ft_load":"40880",
"source":"jme_IPSPressureLoadingChart"
},
{ 
"line_number":375,
"product_type":"RT IPS 20'",
"size":"6",
"length":"20",
"pcs_lift":"28 / 35",
"ft_lift":"560 / 700",
"lifts_load":"4 / 8",
"load_percentage":"7.1 / 8.9%",
"ft_load":"7840",
"source":"jme_IPSPressureLoadingChart"
},
{ 
"line_number":374,
"product_type":"RT IPS 20'",
"size":"5 (West)*",
"length":"20",
"pcs_lift":"38",
"ft_lift":"760",
"lifts_load":"16",
"load_percentage":"6.3%",
"ft_load":"12160",
"source":"jme_IPSPressureLoadingChart"
},
{ 
"line_number":373,
"product_type":"RT IPS 40'",
"size":"6",
"length":"40",
"pcs_lift":"28 / 35",
"ft_lift":"1120 / 1400",
"lifts_load":"2 / 4",
"load_percentage":"14.3 / 17.9%",
"ft_load":"7840",
"source":"jme_IPSPressureLoadingChart"
},
{ 
"line_number":371,
"product_type":"RT IPS 40'",
"size":"2",
"length":"40",
"pcs_lift":"185",
"ft_lift":"7400",
"lifts_load":"8",
"load_percentage":"12.5%",
"ft_load":"59200",
"source":"jme_IPSPressureLoadingChart"
},
{ 
"line_number":370,
"product_type":"RT IPS 20'",
"size":"12 / 16",
"length":"20",
"pcs_lift":"12 / 16",
"ft_lift":"240 / 320",
"lifts_load":"2 / 2",
"load_percentage":"12.2 / 16.3%",
"ft_load":"1960",
"source":"jme_IPSPressureLoadingChart"
},
{ 
"line_number":369,
"product_type":"RT IPS 20'",
"size":"5",
"length":"20",
"pcs_lift":"38",
"ft_lift":"760",
"lifts_load":"12",
"load_percentage":"8.3%",
"ft_load":"9120",
"source":"jme_IPSPressureLoadingChart"
},
{ 
"line_number":368,
"product_type":"RT IPS 20'",
"size":"4 (West)*",
"length":"20",
"pcs_lift":"48",
"ft_lift":"960",
"lifts_load":"20",
"load_percentage":"5.0%",
"ft_load":"19200",
"source":"jme_IPSPressureLoadingChart"
},
{ 
"line_number":367,
"product_type":"RT IPS 20'",
"size":"4",
"length":"20",
"pcs_lift":"76",
"ft_lift":"1520",
"lifts_load":"12",
"load_percentage":"8.3%",
"ft_load":"18240",
"source":"jme_IPSPressureLoadingChart"
},
{ 
"line_number":366,
"product_type":"RT IPS 20'",
"size":"3 (West)*",
"length":"20",
"pcs_lift":"75",
"ft_lift":"1500",
"lifts_load":"20",
"load_percentage":"5.0%",
"ft_load":"30000",
"source":"jme_IPSPressureLoadingChart"
},
{ 
"line_number":365,
"product_type":"RT IPS 20'",
"size":"3",
"length":"20",
"pcs_lift":"75",
"ft_lift":"1500",
"lifts_load":"16",
"load_percentage":"6.3%",
"ft_load":"24000",
"source":"jme_IPSPressureLoadingChart"
},
{ 
"line_number":364,
"product_type":"RT IPS 20'",
"size":"12",
"length":"20",
"pcs_lift":"9 / 12",
"ft_lift":"180 / 240",
"lifts_load":"2 / 2",
"load_percentage":"9.1 / 12.2%",
"ft_load":"1960",
"source":"jme_IPSPressureLoadingChart"
},
{ 
"line_number":363,
"product_type":"RT IPS 20'",
"size":"10",
"length":"20",
"pcs_lift":"16 / 20",
"ft_lift":"320 / 400",
"lifts_load":"4 / 4",
"load_percentage":"11.1 / 13.9%",
"ft_load":"2880",
"source":"jme_IPSPressureLoadingChart"
},
{ 
"line_number":362,
"product_type":"RT IPS 20'",
"size":"8 (West)*",
"length":"20",
"pcs_lift":"20 / 24",
"ft_lift":"400 / 480",
"lifts_load":"6 / 6",
"load_percentage":"7.6 / 9.1%",
"ft_load":"5280",
"source":"jme_IPSPressureLoadingChart"
},
{ 
"line_number":361,
"product_type":"RT IPS 20'",
"size":"8",
"length":"20",
"pcs_lift":"25 / 30",
"ft_lift":"500 / 600",
"lifts_load":"4 / 4",
"load_percentage":"11.4 / 13.6%",
"ft_load":"4400",
"source":"jme_IPSPressureLoadingChart"
},
{ 
"line_number":360,
"product_type":"RT IPS 20'",
"size":"6 (West)*",
"length":"20",
"pcs_lift":"26",
"ft_lift":"520",
"lifts_load":"16",
"load_percentage":"6.3%",
"ft_load":"8320",
"source":"jme_IPSPressureLoadingChart"
},
{ 
"line_number":359,
"product_type":"RT IPS 40'",
"size":"8",
"length":"40",
"pcs_lift":"10 / 15",
"ft_lift":"400 / 600",
"lifts_load":"4 / 4",
"load_percentage":"10.0 / 15.0%",
"ft_load":"4000",
"source":"jme_IPSPressureLoadingChart"
},
{ 
"line_number":355,
"product_type":"RT IPS 40'",
"size":"3",
"length":"40",
"pcs_lift":"100",
"ft_lift":"4000",
"lifts_load":"6",
"load_percentage":"16.7%",
"ft_load":"24000",
"source":"jme_IPSPressureLoadingChart"
},
{ 
"line_number":333,
"product_type":"RT IPS 20'",
"size":"12",
"length":"20",
"pcs_lift":"12 / 16",
"ft_lift":"240 / 320",
"lifts_load":"2 / 2",
"load_percentage":"12.2 / 16.3%",
"ft_load":"1960",
"source":"jme_IPSPressureLoadingChart"
},
{ 
"line_number":157,
"product_type":"AWWA C900 PVC 20'",
"size":"4",
"length":"20",
"pcs_lift":"60",
"ft_lift":"1200",
"lifts_load":"12",
"load_percentage":"8.3%",
"ft_load":"14400",
"source":"LoadingChart C900_2-3-2017"
},
{ 
"line_number":158,
"product_type":"AWWA C900 PVC 20'",
"size":"6",
"length":"20",
"pcs_lift":"28",
"ft_lift":"560",
"lifts_load":"12",
"load_percentage":"8.3%",
"ft_load":"6720",
"source":"LoadingChart C900_2-3-2017"
},
{ 
"line_number":159,
"product_type":"AWWA C900 PVC 20'",
"size":"8 DR 18, 25",
"length":"20",
"pcs_lift":"15 / 20",
"ft_lift":"300 / 400",
"lifts_load":"8 / 4",
"load_percentage":"7.5 / 10.0%",
"ft_load":"4000",
"source":"LoadingChart C900_2-3-2017"
},
{ 
"line_number":160,
"product_type":"AWWA C900 PVC 20'",
"size":"8 DR 14",
"length":"20",
"pcs_lift":"15",
"ft_lift":"300",
"lifts_load":"12",
"load_percentage":"8.3%",
"ft_load":"3600",
"source":"LoadingChart C900_2-3-2017"
},
{ 
"line_number":161,
"product_type":"AWWA C900 PVC 20'",
"size":"10",
"length":"20",
"pcs_lift":"16",
"ft_lift":"320",
"lifts_load":"8",
"load_percentage":"12.5%",
"ft_load":"2560",
"source":"LoadingChart C900_2-3-2017"
},
{ 
"line_number":162,
"product_type":"AWWA C900 PVC 20'",
"size":"12 DR 18, 25",
"length":"20",
"pcs_lift":"6 / 8",
"ft_lift":"120 / 160",
"lifts_load":"4 / 4",
"load_percentage":"6.1 / 8.2",
"ft_load":"1960",
"source":"LoadingChart C900_2-3-2017"
},
{ 
"line_number":163,
"product_type":"AWWA C900 PVC 20'",
"size":"12 DR 18, 25",
"length":"20",
"pcs_lift":"9 / 12",
"ft_lift":"180 / 240",
"lifts_load":"2 / 2",
"load_percentage":"9.2 / 12.2%",
"ft_load":"1960",
"source":"LoadingChart C900_2-3-2017"
},
{ 
"line_number":164,
"product_type":"AWWA C900 PVC 20'",
"size":"12 DR 14",
"length":"20",
"pcs_lift":"6 / 8",
"ft_lift":"120 / 160",
"lifts_load":"6 / 6",
"load_percentage":"7.1 / 9.5%",
"ft_load":"1680",
"source":"LoadingChart C900_2-3-2017"
},
{ 
"line_number":165,
"product_type":"AWWA C900 PVC 20'",
"size":"14",
"length":"20",
"pcs_lift":"9",
"ft_lift":"180",
"lifts_load":"8",
"load_percentage":"12.5%",
"ft_load":"1440",
"source":"LoadingChart C900_2-3-2017"
},
{ 
"line_number":166,
"product_type":"AWWA C900 PVC 20'",
"size":"16",
"length":"20",
"pcs_lift":"4 / 6",
"ft_lift":"80 / 120",
"lifts_load":"2 / 2",
"load_percentage":"8.0 / 12.0",
"ft_load":"1000",
"source":"LoadingChart C900_2-3-2017"
},
{ 
"line_number":167,
"product_type":"AWWA C900 PVC 20'",
"size":"16",
"length":"20",
"pcs_lift":"6 / 9",
"ft_lift":"120 / 180",
"lifts_load":"2 / 2",
"load_percentage":"12.0 / 18.0%",
"ft_load":"1000",
"source":"LoadingChart C900_2-3-2017"
},
{ 
"line_number":168,
"product_type":"AWWA C900 PVC 20'",
"size":"18",
"length":"20",
"pcs_lift":"4 / 6",
"ft_lift":"80 / 120",
"lifts_load":"4 / 4",
"load_percentage":"10.0 / 15.0%",
"ft_load":"800",
"source":"LoadingChart C900_2-3-2017"
},
{ 
"line_number":169,
"product_type":"AWWA C900 PVC 20'",
"size":"20",
"length":"20",
"pcs_lift":"4",
"ft_lift":"80",
"lifts_load":"8",
"load_percentage":"12.5%",
"ft_load":"640",
"source":"LoadingChart C900_2-3-2017"
},
{ 
"line_number":170,
"product_type":"AWWA C900 PVC 20'",
"size":"24",
"length":"20",
"pcs_lift":"3",
"ft_lift":"60",
"lifts_load":"6",
"load_percentage":"16.7%",
"ft_load":"360",
"source":"LoadingChart C900_2-3-2017"
},
{ 
"line_number":171,
"product_type":"AWWA C900 PVC 20'",
"size":"30",
"length":"20",
"pcs_lift":"3",
"ft_lift":"60",
"lifts_load":"4",
"load_percentage":"25.0%",
"ft_load":"240",
"source":"LoadingChart C900_2-3-2017"
},
{ 
"line_number":172,
"product_type":"AWWA C900 PVC 20'",
"size":"30 (West)*",
"length":"20",
"pcs_lift":"3",
"ft_lift":"60",
"lifts_load":"6",
"load_percentage":"16.7%",
"ft_load":"360",
"source":"LoadingChart C900_2-3-2017"
},
{ 
"line_number":173,
"product_type":"AWWA C900 PVC 20'",
"size":"36",
"length":"20",
"pcs_lift":"2",
"ft_lift":"40",
"lifts_load":"4",
"load_percentage":"25.0%",
"ft_load":"160",
"source":"LoadingChart C900_2-3-2017"
},
{ 
"line_number":174,
"product_type":"AWWA C900 PVC 20'",
"size":"42",
"length":"20",
"pcs_lift":"2",
"ft_lift":"40",
"lifts_load":"4",
"load_percentage":"25.0%",
"ft_load":"160",
"source":"LoadingChart C900_2-3-2017"
},
{ 
"line_number":175,
"product_type":"AWWA C900 PVC 20'",
"size":"48",
"length":"20",
"pcs_lift":"2",
"ft_lift":"40",
"lifts_load":"2",
"load_percentage":"50.0%",
"ft_load":"80",
"source":"LoadingChart C900_2-3-2017"
},
{ 
"line_number":176,
"product_type":"ULTRA BLUE AWWA C909 PVCO 20'",
"size":"6",
"length":"20",
"pcs_lift":"28 / 35",
"ft_lift":"560 / 700",
"lifts_load":"4 / 8",
"load_percentage":"7.1 / 8.9%",
"ft_load":"7840",
"source":"LoadingChart C900_2-3-2017"
},
{ 
"line_number":177,
"product_type":"ULTRA BLUE AWWA C909 PVCO 20'",
"size":"8 CL150",
"length":"20",
"pcs_lift":"25 / 30",
"ft_lift":"500 / 600",
"lifts_load":"4 / 4",
"load_percentage":"11.4 / 13.6%",
"ft_load":"4400",
"source":"LoadingChart C900_2-3-2017"
},
{ 
"line_number":178,
"product_type":"ULTRA BLUE AWWA C909 PVCO 20'",
"size":"10",
"length":"20",
"pcs_lift":"8",
"ft_lift":"160",
"lifts_load":"16",
"load_percentage":"6.3%",
"ft_load":"2560",
"source":"LoadingChart C900_2-3-2017"
},
{ 
"line_number":179,
"product_type":"ULTRA BLUE AWWA C909 PVCO 20'",
"size":"12",
"length":"20",
"pcs_lift":"6 / 8",
"ft_lift":"120 / 160",
"lifts_load":"6 / 6",
"load_percentage":"6.1 / 8.2",
"ft_load":"1960",
"source":"LoadingChart C900_2-3-2017"
},
{ 
"line_number":180,
"product_type":"ULTRA BLUE AWWA C909 PVCO 20'",
"size":"16",
"length":"20",
"pcs_lift":"4 / 6",
"ft_lift":"80 / 120",
"lifts_load":"2 / 2",
"load_percentage":"8.0 / 12.0",
"ft_load":"1000",
"source":"LoadingChart C900_2-3-2017"
},
{ 
"line_number":181,
"product_type":"ULTRA BLUE AWWA C909 PVCO 20'",
"size":"16",
"length":"20",
"pcs_lift":"6 / 9",
"ft_lift":"120 / 180",
"lifts_load":"2 / 2",
"load_percentage":"12.0 / 18.0%",
"ft_load":"1000",
"source":"LoadingChart C900_2-3-2017"
},
{ 
"line_number":251,
"product_type":"YELLOW GAS SLEEVE SCH40 20'",
"size":"1",
"length":"20",
"pcs_lift":"275",
"ft_lift":"5500",
"lifts_load":"32",
"load_percentage":"3.13%",
"ft_load":"176000",
"source":"jme_YellowGasSleeveLoadingChart"
},
{ 
"line_number":252,
"product_type":"YELLOW GAS SLEEVE SCH40 20'",
"size":"1 1/2",
"length":"20",
"pcs_lift":"168",
"ft_lift":"3360",
"lifts_load":"32",
"load_percentage":"3.13%",
"ft_load":"107520",
"source":"jme_YellowGasSleeveLoadingChart"
},
{ 
"line_number":253,
"product_type":"YELLOW GAS SLEEVE SCH40 20'",
"size":"2",
"length":"20",
"pcs_lift":"105",
"ft_lift":"2100",
"lifts_load":"28",
"load_percentage":"3.57%",
"ft_load":"58800",
"source":"jme_YellowGasSleeveLoadingChart"
},
{ 
"line_number":254,
"product_type":"YELLOW GAS SLEEVE SCH40 20'",
"size":"2 (PTA)*",
"length":"20",
"pcs_lift":"140",
"ft_lift":"2800",
"lifts_load":"20",
"load_percentage":"5.00%",
"ft_load":"56000",
"source":"jme_YellowGasSleeveLoadingChart"
},
{ 
"line_number":255,
"product_type":"YELLOW GAS SLEEVE SCH40 20'",
"size":"3",
"length":"20",
"pcs_lift":"60",
"ft_lift":"1200",
"lifts_load":"24",
"load_percentage":"4.17%",
"ft_load":"28800",
"source":"jme_YellowGasSleeveLoadingChart"
},
{ 
"line_number":256,
"product_type":"YELLOW GAS SLEEVE SCH40 20'",
"size":"3 (PTA)*",
"length":"20",
"pcs_lift":"88",
"ft_lift":"1760",
"lifts_load":"16",
"load_percentage":"6.25%",
"ft_load":"28160",
"source":"jme_YellowGasSleeveLoadingChart"
},
{ 
"line_number":257,
"product_type":"YELLOW GAS SLEEVE SCH40 20'",
"size":"4",
"length":"20",
"pcs_lift":"57",
"ft_lift":"1140",
"lifts_load":"16",
"load_percentage":"6.25%",
"ft_load":"18240",
"source":"jme_YellowGasSleeveLoadingChart"
},
{ 
"line_number":258,
"product_type":"YELLOW GAS SLEEVE SCH40 20'",
"size":"6",
"length":"20",
"pcs_lift":"26",
"ft_lift":"520",
"lifts_load":"16",
"load_percentage":"6.25%",
"ft_load":"8320",
"source":"jme_YellowGasSleeveLoadingChart"
},
{ 
"line_number":259,
"product_type":"YELLOW GAS SLEEVE SCH40 20'",
"size":"8",
"length":"20",
"pcs_lift":"15",
"ft_lift":"300",
"lifts_load":"16",
"load_percentage":"6.25%",
"ft_load":"4800",
"source":"jme_YellowGasSleeveLoadingChart"
},
{ 
"line_number":260,
"product_type":"YELLOW GAS SLEEVE SCH40 20'",
"size":"10",
"length":"20",
"pcs_lift":"12",
"ft_lift":"240",
"lifts_load":"12",
"load_percentage":"8.33%",
"ft_load":"2880",
"source":"jme_YellowGasSleeveLoadingChart"
},
{ 
"line_number":261,
"product_type":"YELLOW GAS SLEEVE SCH40 20'",
"size":"12",
"length":"20",
"pcs_lift":"6 / 8",
"ft_lift":"120 / 160",
"lifts_load":"6 / 6",
"load_percentage":"7.1 / 9.5%",
"ft_load":"1680",
"source":"jme_YellowGasSleeveLoadingChart"
},
{ 
"line_number":262,
"product_type":"YELLOW GAS SLEEVE CL160/CL200 20'",
"size":"1",
"length":"20",
"pcs_lift":"275",
"ft_lift":"5500",
"lifts_load":"32",
"load_percentage":"3.13%",
"ft_load":"176000",
"source":"jme_YellowGasSleeveLoadingChart"
},
{ 
"line_number":263,
"product_type":"YELLOW GAS SLEEVE CL160/CL200 20'",
"size":"1 1/4",
"length":"20",
"pcs_lift":"196",
"ft_lift":"3920",
"lifts_load":"32",
"load_percentage":"3.13%",
"ft_load":"125440",
"source":"jme_YellowGasSleeveLoadingChart"
},
{ 
"line_number":264,
"product_type":"YELLOW GAS SLEEVE CL160/CL200 20'",
"size":"1 1/2",
"length":"20",
"pcs_lift":"151",
"ft_lift":"3020",
"lifts_load":"32",
"load_percentage":"3.13%",
"ft_load":"96640",
"source":"jme_YellowGasSleeveLoadingChart"
},
{ 
"line_number":265,
"product_type":"YELLOW GAS SLEEVE CL160/CL200 20'",
"size":"2",
"length":"20",
"pcs_lift":"105",
"ft_lift":"2100",
"lifts_load":"28",
"load_percentage":"3.57%",
"ft_load":"58800",
"source":"jme_YellowGasSleeveLoadingChart"
},
{ 
"line_number":266,
"product_type":"YELLOW GAS SLEEVE CL160/CL200 20'",
"size":"3",
"length":"20",
"pcs_lift":"60",
"ft_lift":"1200",
"lifts_load":"24",
"load_percentage":"4.17%",
"ft_load":"28800",
"source":"jme_YellowGasSleeveLoadingChart"
},
{ 
"line_number":267,
"product_type":"YELLOW GAS SLEEVE CL160/CL200 20'",
"size":"4",
"length":"20",
"pcs_lift":"57",
"ft_lift":"1140",
"lifts_load":"16",
"load_percentage":"6.25%",
"ft_load":"18240",
"source":"jme_YellowGasSleeveLoadingChart"
},
{ 
"line_number":268,
"product_type":"YELLOW GAS SLEEVE CL160/CL200 20'",
"size":"6",
"length":"20",
"pcs_lift":"26",
"ft_lift":"520",
"lifts_load":"16",
"load_percentage":"6.25%",
"ft_load":"8320",
"source":"jme_YellowGasSleeveLoadingChart"
},
{ 
"line_number":269,
"product_type":"YELLOW GAS SLEEVE CL160/CL200 20'",
"size":"8",
"length":"20",
"pcs_lift":"15",
"ft_lift":"300",
"lifts_load":"16",
"load_percentage":"6.25%",
"ft_load":"4800",
"source":"jme_YellowGasSleeveLoadingChart"
},
{ 
"line_number":270,
"product_type":"YELLOW GAS SLEEVE CL160/CL200 20'",
"size":"10",
"length":"20",
"pcs_lift":"12",
"ft_lift":"240",
"lifts_load":"12",
"load_percentage":"8.33%",
"ft_load":"2880",
"source":"jme_YellowGasSleeveLoadingChart"
},
{ 
"line_number":271,
"product_type":"YELLOW GAS SLEEVE CL160/CL200 20'",
"size":"12",
"length":"20",
"pcs_lift":"6 / 8",
"ft_lift":"120 / 160",
"lifts_load":"6 / 6",
"load_percentage":"7.1 / 9.5%",
"ft_load":"1680",
"source":"jme_YellowGasSleeveLoadingChart"
},
{ 
"line_number":272,
"product_type":"YELLOW GAS SLEEVE CL160 10'",
"size":"10",
"length":"10",
"pcs_lift":"48",
"ft_lift":"480",
"lifts_load":"32",
"load_percentage":"3.13%",
"ft_load":"15360",
"source":"jme_YellowGasSleeveLoadingChart"
},
{ 
"line_number":273,
"product_type":"YELLOW GAS SLEEVE CL160 10'",
"size":"6",
"length":"10",
"pcs_lift":"26",
"ft_lift":"260",
"lifts_load":"32",
"load_percentage":"3.13%",
"ft_load":"8320",
"source":"jme_YellowGasSleeveLoadingChart"
},
{ 
"line_number":274,
"product_type":"EB/DB DUCT 20'",
"size":"1",
"length":"20",
"pcs_lift":"400",
"ft_lift":"8000",
"lifts_load":"20",
"load_percentage":"5.00%",
"ft_load":"160000",
"source":"jme_UtilityDuctLoadingChart"
},
{ 
"line_number":275,
"product_type":"EB/DB DUCT 20'",
"size":"1 1/2",
"length":"20",
"pcs_lift":"225",
"ft_lift":"4500",
"lifts_load":"20",
"load_percentage":"5.00%",
"ft_load":"90000",
"source":"jme_UtilityDuctLoadingChart"
},
{ 
"line_number":276,
"product_type":"EB/DB DUCT 20'",
"size":"2",
"length":"20",
"pcs_lift":"140",
"ft_lift":"2800",
"lifts_load":"20",
"load_percentage":"5.00%",
"ft_load":"56000",
"source":"jme_UtilityDuctLoadingChart"
},
{ 
"line_number":277,
"product_type":"EB/DB DUCT 20'",
"size":"2 1/2",
"length":"20",
"pcs_lift":"131",
"ft_lift":"2620",
"lifts_load":"16",
"load_percentage":"6.25%",
"ft_load":"41920",
"source":"jme_UtilityDuctLoadingChart"
},
{ 
"line_number":278,
"product_type":"EB/DB DUCT 20'",
"size":"3",
"length":"20",
"pcs_lift":"100",
"ft_lift":"2000",
"lifts_load":"12",
"load_percentage":"8.33%",
"ft_load":"24000",
"source":"jme_UtilityDuctLoadingChart"
},
{ 
"line_number":279,
"product_type":"EB/DB DUCT 20'",
"size":"3 (West)*",
"length":"20",
"pcs_lift":"100",
"ft_lift":"2000",
"lifts_load":"16",
"load_percentage":"6.25%",
"ft_load":"32000",
"source":"jme_UtilityDuctLoadingChart"
},
{ 
"line_number":280,
"product_type":"EB/DB DUCT 20'",
"size":"3 1/2",
"length":"20",
"pcs_lift":"63",
"ft_lift":"1260",
"lifts_load":"16",
"load_percentage":"6.25%",
"ft_load":"20160",
"source":"jme_UtilityDuctLoadingChart"
},
{ 
"line_number":281,
"product_type":"EB/DB DUCT 20'",
"size":"4",
"length":"20",
"pcs_lift":"57",
"ft_lift":"1140",
"lifts_load":"12",
"load_percentage":"8.33%",
"ft_load":"13680",
"source":"jme_UtilityDuctLoadingChart"
},
{ 
"line_number":282,
"product_type":"EB/DB DUCT 20'",
"size":"4 (West)*",
"length":"20",
"pcs_lift":"57",
"ft_lift":"1140",
"lifts_load":"16",
"load_percentage":"6.25%",
"ft_load":"18240",
"source":"jme_UtilityDuctLoadingChart"
},
{ 
"line_number":283,
"product_type":"EB/DB DUCT 20'",
"size":"5",
"length":"20",
"pcs_lift":"38",
"ft_lift":"760",
"lifts_load":"12",
"load_percentage":"8.33%",
"ft_load":"9120",
"source":"jme_UtilityDuctLoadingChart"
},
{ 
"line_number":284,
"product_type":"EB/DB DUCT 20'",
"size":"5 (West)*",
"length":"20",
"pcs_lift":"38",
"ft_lift":"760",
"lifts_load":"16",
"load_percentage":"6.25%",
"ft_load":"12160",
"source":"jme_UtilityDuctLoadingChart"
},
{ 
"line_number":285,
"product_type":"EB/DB DUCT 20'",
"size":"6",
"length":"20",
"pcs_lift":"26",
"ft_lift":"520",
"lifts_load":"12",
"load_percentage":"8.33%",
"ft_load":"6240",
"source":"jme_UtilityDuctLoadingChart"
},
{ 
"line_number":286,
"product_type":"EB/DB DUCT 20'",
"size":"6 (West)*",
"length":"20",
"pcs_lift":"26",
"ft_lift":"520",
"lifts_load":"16",
"load_percentage":"6.25%",
"ft_load":"8320",
"source":"jme_UtilityDuctLoadingChart"
},
{ 
"line_number":287,
"product_type":"CSA DB2 10' LENGTH 10'",
"size":"2",
"length":"10",
"pcs_lift":"234",
"ft_lift":"2340",
"lifts_load":"32",
"load_percentage":"3.13%",
"ft_load":"74880",
"source":"jme_UtilityDuctLoadingChart"
},
{ 
"line_number":288,
"product_type":"CSA DB2 10' LENGTH 10'",
"size":"3",
"length":"10",
"pcs_lift":"100",
"ft_lift":"1000",
"lifts_load":"32",
"load_percentage":"3.13%",
"ft_load":"32000",
"source":"jme_UtilityDuctLoadingChart"
},
{ 
"line_number":289,
"product_type":"CSA DB2 10' LENGTH 10'",
"size":"4",
"length":"10",
"pcs_lift":"63",
"ft_lift":"630",
"lifts_load":"32",
"load_percentage":"3.13%",
"ft_load":"20160",
"source":"jme_UtilityDuctLoadingChart"
},
{ 
"line_number":290,
"product_type":"CSA DB2 20' LENGTH 20'",
"size":"2",
"length":"20",
"pcs_lift":"234",
"ft_lift":"4680",
"lifts_load":"16",
"load_percentage":"6.25%",
"ft_load":"74880",
"source":"jme_UtilityDuctLoadingChart"
},
{ 
"line_number":291,
"product_type":"CSA DB2 20' LENGTH 20'",
"size":"3",
"length":"20",
"pcs_lift":"100",
"ft_lift":"2000",
"lifts_load":"16",
"load_percentage":"6.25%",
"ft_load":"32000",
"source":"jme_UtilityDuctLoadingChart"
},
{ 
"line_number":292,
"product_type":"CSA DB2 20' LENGTH 20'",
"size":"4",
"length":"20",
"pcs_lift":"63",
"ft_lift":"1260",
"lifts_load":"16",
"load_percentage":"6.25%",
"ft_load":"20160",
"source":"jme_UtilityDuctLoadingChart"
},
{ 
"line_number":293,
"product_type":"TYPE C DUCT 20'",
"size":"4",
"length":"20",
"pcs_lift":"63",
"ft_lift":"1260",
"lifts_load":"16",
"load_percentage":"6.25%",
"ft_load":"20160",
"source":"jme_UtilityDuctLoadingChart"
},
{ 
"line_number":294,
"product_type":"DROP PIPE SCH80 PHA* 20’ LENGTH 20'",
"size":"1",
"length":"20",
"pcs_lift":"250",
"ft_lift":"5000",
"lifts_load":"36",
"load_percentage":"2.78%",
"ft_load":"180000",
"source":"jme_ThreadedDropPipe-WellCasingLaodingChart"
},
{ 
"line_number":295,
"product_type":"DROP PIPE SCH80 PHA* 20’ LENGTH 20'",
"size":"1 1/4",
"length":"20",
"pcs_lift":"200",
"ft_lift":"4000",
"lifts_load":"28",
"load_percentage":"3.57%",
"ft_load":"112000",
"source":"jme_ThreadedDropPipe-WellCasingLaodingChart"
},
{ 
"line_number":296,
"product_type":"DROP PIPE SCH80 PHA* 20’ LENGTH 20'",
"size":"1 1/2",
"length":"20",
"pcs_lift":"150",
"ft_lift":"3000",
"lifts_load":"28",
"load_percentage":"3.57%",
"ft_load":"84000",
"source":"jme_ThreadedDropPipe-WellCasingLaodingChart"
},
{ 
"line_number":297,
"product_type":"DROP PIPE SCH80 PHA* 20’ LENGTH 20'",
"size":"2",
"length":"20",
"pcs_lift":"100",
"ft_lift":"2000",
"lifts_load":"28",
"load_percentage":"3.57%",
"ft_load":"56000",
"source":"jme_ThreadedDropPipe-WellCasingLaodingChart"
},
{ 
"line_number":298,
"product_type":"DROP PIPE SCH80 PSU* 20’ LENGTH 20'",
"size":"1",
"length":"20",
"pcs_lift":"120",
"ft_lift":"2400",
"lifts_load":"40",
"load_percentage":"2.50%",
"ft_load":"96000",
"source":"jme_ThreadedDropPipe-WellCasingLaodingChart"
},
{ 
"line_number":299,
"product_type":"DROP PIPE SCH80 PSU* 20’ LENGTH 20'",
"size":"1 1/4",
"length":"20",
"pcs_lift":"100",
"ft_lift":"2000",
"lifts_load":"40",
"load_percentage":"2.50%",
"ft_load":"80000",
"source":"jme_ThreadedDropPipe-WellCasingLaodingChart"
},
{ 
"line_number":300,
"product_type":"DROP PIPE SCH80 PSU* 20’ LENGTH 20'",
"size":"1 1/2",
"length":"20",
"pcs_lift":"90",
"ft_lift":"1800",
"lifts_load":"40",
"load_percentage":"2.50%",
"ft_load":"72000",
"source":"jme_ThreadedDropPipe-WellCasingLaodingChart"
},
{ 
"line_number":301,
"product_type":"DROP PIPE SCH80 PSU* 20’ LENGTH 20'",
"size":"2",
"length":"20",
"pcs_lift":"53",
"ft_lift":"1060",
"lifts_load":"40",
"load_percentage":"2.50%",
"ft_load":"42400",
"source":"jme_ThreadedDropPipe-WellCasingLaodingChart"
},
{ 
"line_number":302,
"product_type":"DEEP DROP PIPE SCH120 SCH120 20’ LENGTH 20'",
"size":"1",
"length":"20",
"pcs_lift":"120",
"ft_lift":"2400",
"lifts_load":"40",
"load_percentage":"2.50%",
"ft_load":"96000",
"source":"jme_ThreadedDropPipe-WellCasingLaodingChart"
},
{ 
"line_number":303,
"product_type":"DEEP DROP PIPE SCH120 SCH120 20’ LENGTH 20'",
"size":"1 1/4",
"length":"20",
"pcs_lift":"100",
"ft_lift":"2000",
"lifts_load":"40",
"load_percentage":"2.50%",
"ft_load":"80000",
"source":"jme_ThreadedDropPipe-WellCasingLaodingChart"
},
{ 
"line_number":304,
"product_type":"DEEP DROP PIPE SCH120 SCH120 20’ LENGTH 20'",
"size":"1 1/2",
"length":"20",
"pcs_lift":"90",
"ft_lift":"1800",
"lifts_load":"40",
"load_percentage":"2.50%",
"ft_load":"72000",
"source":"jme_ThreadedDropPipe-WellCasingLaodingChart"
},
{ 
"line_number":305,
"product_type":"DEEP DROP PIPE SCH120 SCH120 20’ LENGTH 20'",
"size":"2",
"length":"20",
"pcs_lift":"53",
"ft_lift":"1060",
"lifts_load":"40",
"load_percentage":"2.50%",
"ft_load":"42400",
"source":"jme_ThreadedDropPipe-WellCasingLaodingChart"
},
{ 
"line_number":306,
"product_type":"PVC WELL CASING (INCLUDES EAGLE LOC) 20’ LENGTH 20'",
"size":"2",
"length":"20",
"pcs_lift":"105",
"ft_lift":"2100",
"lifts_load":"28",
"load_percentage":"3.6%",
"ft_load":"58800",
"source":"jme_ThreadedDropPipe-WellCasingLaodingChart"
},
{ 
"line_number":307,
"product_type":"PVC WELL CASING (INCLUDES EAGLE LOC) 20’ LENGTH 20'",
"size":"4",
"length":"20",
"pcs_lift":"57",
"ft_lift":"1140",
"lifts_load":"12",
"load_percentage":"8.3%",
"ft_load":"13680",
"source":"jme_ThreadedDropPipe-WellCasingLaodingChart"
},
{ 
"line_number":308,
"product_type":"PVC WELL CASING (INCLUDES EAGLE LOC) 20’ LENGTH 20'",
"size":"4 (West)*",
"length":"20",
"pcs_lift":"29",
"ft_lift":"580",
"lifts_load":"28",
"load_percentage":"3.6%",
"ft_load":"16240",
"source":"jme_ThreadedDropPipe-WellCasingLaodingChart"
},
{ 
"line_number":309,
"product_type":"PVC WELL CASING (INCLUDES EAGLE LOC) 20’ LENGTH 20'",
"size":"4 1/2",
"length":"20",
"pcs_lift":"26",
"ft_lift":"520",
"lifts_load":"24",
"load_percentage":"4.2%",
"ft_load":"12480",
"source":"jme_ThreadedDropPipe-WellCasingLaodingChart"
},
{ 
"line_number":310,
"product_type":"PVC WELL CASING (INCLUDES EAGLE LOC) 20’ LENGTH 20'",
"size":"5",
"length":"20",
"pcs_lift":"23",
"ft_lift":"460",
"lifts_load":"20",
"load_percentage":"5.0%",
"ft_load":"9200",
"source":"jme_ThreadedDropPipe-WellCasingLaodingChart"
},
{ 
"line_number":311,
"product_type":"PVC WELL CASING (INCLUDES EAGLE LOC) 20’ LENGTH 20'",
"size":"5 (West)*",
"length":"20",
"pcs_lift":"23",
"ft_lift":"460",
"lifts_load":"24",
"load_percentage":"4.2%",
"ft_load":"11040",
"source":"jme_ThreadedDropPipe-WellCasingLaodingChart"
},
{ 
"line_number":312,
"product_type":"PVC WELL CASING (INCLUDES EAGLE LOC) 20’ LENGTH 20'",
"size":"6",
"length":"20",
"pcs_lift":"20",
"ft_lift":"400",
"lifts_load":"16",
"load_percentage":"6.3%",
"ft_load":"6400",
"source":"jme_ThreadedDropPipe-WellCasingLaodingChart"
},
{ 
"line_number":313,
"product_type":"PVC WELL CASING (INCLUDES EAGLE LOC) 20’ LENGTH 20'",
"size":"6 (West)*",
"length":"20",
"pcs_lift":"20",
"ft_lift":"400",
"lifts_load":"20",
"load_percentage":"5.0%",
"ft_load":"8000",
"source":"jme_ThreadedDropPipe-WellCasingLaodingChart"
},
{ 
"line_number":314,
"product_type":"PVC WELL CASING (INCLUDES EAGLE LOC) 20’ LENGTH 20'",
"size":"8",
"length":"20",
"pcs_lift":"15",
"ft_lift":"300",
"lifts_load":"12",
"load_percentage":"8.3%",
"ft_load":"3600",
"source":"jme_ThreadedDropPipe-WellCasingLaodingChart"
},
{ 
"line_number":315,
"product_type":"PVC WELL CASING (INCLUDES EAGLE LOC) 20’ LENGTH 20'",
"size":"8 (West)*",
"length":"20",
"pcs_lift":"20",
"ft_lift":"400",
"lifts_load":"12",
"load_percentage":"8.3%",
"ft_load":"4800",
"source":"jme_ThreadedDropPipe-WellCasingLaodingChart"
},
{ 
"line_number":316,
"product_type":"PVC WELL CASING (INCLUDES EAGLE LOC) 20’ LENGTH 20'",
"size":"10",
"length":"20",
"pcs_lift":"12",
"ft_lift":"240",
"lifts_load":"12",
"load_percentage":"8.3%",
"ft_load":"2880",
"source":"jme_ThreadedDropPipe-WellCasingLaodingChart"
},
{ 
"line_number":317,
"product_type":"PVC WELL CASING (INCLUDES EAGLE LOC) 20’ LENGTH 20'",
"size":"12 (West)*",
"length":"20",
"pcs_lift":"6 / 8",
"ft_lift":"120 / 160",
"lifts_load":"8 / 8",
"load_percentage":"5.4 / 7.1%",
"ft_load":"2240",
"source":"jme_ThreadedDropPipe-WellCasingLaodingChart"
},
{ 
"line_number":433,
"product_type":"AWWA C905 PVC 20'",
"size":"16",
"length":"20",
"pcs_lift":"4 / 6",
"ft_lift":"80 / 120",
"lifts_load":"2 / 2",
"load_percentage":"8.0 / 12.0%",
"ft_load":"1000",
"source":"jme_CIODLoadingChart"
},
{ 
"line_number":434,
"product_type":"AWWA C905 PVC 20'",
"size":"16",
"length":"20",
"pcs_lift":"6 / 9",
"ft_lift":"120 / 180",
"lifts_load":"2 / 2",
"load_percentage":"12.0 / 18.0%",
"ft_load":"1000",
"source":"jme_CIODLoadingChart"
},
{ 
"line_number":435,
"product_type":"AWWA C905 PVC 20'",
"size":"18",
"length":"20",
"pcs_lift":"4 / 6",
"ft_lift":"80 / 120",
"lifts_load":"4 / 4",
"load_percentage":"10.0 / 15.0%",
"ft_load":"800",
"source":"jme_CIODLoadingChart"
},
{ 
"line_number":436,
"product_type":"AWWA C905 PVC 20'",
"size":"20",
"length":"20",
"pcs_lift":"4",
"ft_lift":"80",
"lifts_load":"8",
"load_percentage":"12.5%",
"ft_load":"640",
"source":"jme_CIODLoadingChart"
},
{ 
"line_number":437,
"product_type":"AWWA C905 PVC 20'",
"size":"24",
"length":"20",
"pcs_lift":"3",
"ft_lift":"60",
"lifts_load":"6",
"load_percentage":"16.7%",
"ft_load":"360",
"source":"jme_CIODLoadingChart"
},
{ 
"line_number":438,
"product_type":"AWWA C905 PVC 20'",
"size":"30",
"length":"20",
"pcs_lift":"3",
"ft_lift":"60",
"lifts_load":"4",
"load_percentage":"25.0%",
"ft_load":"240",
"source":"jme_CIODLoadingChart"
},
{ 
"line_number":439,
"product_type":"AWWA C905 PVC 20'",
"size":"30 (West)*",
"length":"20",
"pcs_lift":"3",
"ft_lift":"60",
"lifts_load":"6",
"load_percentage":"16.7%",
"ft_load":"360",
"source":"jme_CIODLoadingChart"
},
{ 
"line_number":440,
"product_type":"AWWA C905 PVC 20'",
"size":"36",
"length":"20",
"pcs_lift":"2",
"ft_lift":"40",
"lifts_load":"4",
"load_percentage":"25.0%",
"ft_load":"160",
"source":"jme_CIODLoadingChart"
},
{ 
"line_number":441,
"product_type":"AWWA C905 PVC 20'",
"size":"42",
"length":"20",
"pcs_lift":"2",
"ft_lift":"40",
"lifts_load":"4",
"load_percentage":"25.0%",
"ft_load":"160",
"source":"jme_CIODLoadingChart"
},
{ 
"line_number":442,
"product_type":"AWWA C905 PVC 20'",
"size":"48",
"length":"20",
"pcs_lift":"2",
"ft_lift":"40",
"lifts_load":"2",
"load_percentage":"50.0%",
"ft_load":"80",
"source":"jme_CIODLoadingChart"
},
{ 
"line_number":443,
"product_type":"ULTRA BLUE AWWA C909 PVCO 20'",
"size":"6",
"length":"20",
"pcs_lift":"28 / 35",
"ft_lift":"560 / 700",
"lifts_load":"4 / 8",
"load_percentage":"7.1 / 8.9%",
"ft_load":"7840",
"source":"jme_CIODLoadingChart"
},
{ 
"line_number":444,
"product_type":"ULTRA BLUE AWWA C909 PVCO 20'",
"size":"8 CL150",
"length":"20",
"pcs_lift":"25 / 30",
"ft_lift":"500 / 600",
"lifts_load":"4 / 4",
"load_percentage":"11.4 / 13.6%",
"ft_load":"4400",
"source":"jme_CIODLoadingChart"
},
{ 
"line_number":445,
"product_type":"ULTRA BLUE AWWA C909 PVCO 20'",
"size":"10",
"length":"20",
"pcs_lift":"8",
"ft_lift":"160",
"lifts_load":"16",
"load_percentage":"6.3%",
"ft_load":"2560",
"source":"jme_CIODLoadingChart"
},
{ 
"line_number":446,
"product_type":"ULTRA BLUE AWWA C909 PVCO 20'",
"size":"12",
"length":"20",
"pcs_lift":"6 / 8",
"ft_lift":"120 / 160",
"lifts_load":"6 / 6",
"load_percentage":"6.1 / 8.2%",
"ft_load":"1960",
"source":"jme_CIODLoadingChart"
},
{ 
"line_number":447,
"product_type":"ULTRA BLUE AWWA C909 PVCO 20'",
"size":"16",
"length":"20",
"pcs_lift":"4 / 6",
"ft_lift":"80 / 120",
"lifts_load":"2 / 2",
"load_percentage":"8.0 / 12.0%",
"ft_load":"1000",
"source":"jme_CIODLoadingChart"
},
{ 
"line_number":448,
"product_type":"ULTRA BLUE AWWA C909 PVCO 20'",
"size":"16",
"length":"20",
"pcs_lift":"6 / 9",
"ft_lift":"120 / 180",
"lifts_load":"2 / 2",
"load_percentage":"12.0 / 18.0%",
"ft_load":"1000",
"source":"jme_CIODLoadingChart"
},
{ 
"line_number":449,
"product_type":"ABS ACH40/DWV 10'",
"size":"1 1/2",
"length":"10",
"pcs_lift":"180",
"ft_lift":"1800",
"lifts_load":"48",
"load_percentage":"2.1%",
"ft_load":"86400",
"source":"jme_ABSLoadingChart"
},
{ 
"line_number":450,
"product_type":"ABS ACH40/DWV 10'",
"size":"2",
"length":"10",
"pcs_lift":"105",
"ft_lift":"1050",
"lifts_load":"48",
"load_percentage":"2.1%",
"ft_load":"50400",
"source":"jme_ABSLoadingChart"
},
{ 
"line_number":451,
"product_type":"ABS ACH40/DWV 10'",
"size":"3",
"length":"10",
"pcs_lift":"75",
"ft_lift":"750",
"lifts_load":"32",
"load_percentage":"3.1%",
"ft_load":"24000",
"source":"jme_ABSLoadingChart"
},
{ 
"line_number":452,
"product_type":"ABS ACH40/DWV 10'",
"size":"4",
"length":"10",
"pcs_lift":"57",
"ft_lift":"570",
"lifts_load":"32",
"load_percentage":"3.1%",
"ft_load":"18240",
"source":"jme_ABSLoadingChart"
},
{ 
"line_number":453,
"product_type":"ABS ACH40/DWV 10'",
"size":"4 (West)*",
"length":"10",
"pcs_lift":"57",
"ft_lift":"570",
"lifts_load":"24",
"load_percentage":"4.2%",
"ft_load":"13680",
"source":"jme_ABSLoadingChart"
},
{ 
"line_number":454,
"product_type":"ABS ACH40/DWV 10'",
"size":"6",
"length":"10",
"pcs_lift":"26",
"ft_lift":"260",
"lifts_load":"24",
"load_percentage":"4.2%",
"ft_load":"6240",
"source":"jme_ABSLoadingChart"
},
{ 
"line_number":455,
"product_type":"ABS ACH40/DWV 10'",
"size":"6 (West)*",
"length":"10",
"pcs_lift":"26",
"ft_lift":"260",
"lifts_load":"32",
"load_percentage":"3.1%",
"ft_load":"8320",
"source":"jme_ABSLoadingChart"
},
{ 
"line_number":456,
"product_type":"ABS SCH40/DWV 20'",
"size":"1 1/2",
"length":"20",
"pcs_lift":"180",
"ft_lift":"3600",
"lifts_load":"24",
"load_percentage":"4.2%",
"ft_load":"86400",
"source":"jme_ABSLoadingChart"
},
{ 
"line_number":457,
"product_type":"ABS SCH40/DWV 20'",
"size":"2",
"length":"20",
"pcs_lift":"105",
"ft_lift":"2100",
"lifts_load":"24",
"load_percentage":"4.2%",
"ft_load":"50400",
"source":"jme_ABSLoadingChart"
},
{ 
"line_number":458,
"product_type":"ABS SCH40/DWV 20'",
"size":"3",
"length":"20",
"pcs_lift":"75",
"ft_lift":"1500",
"lifts_load":"16",
"load_percentage":"6.3%",
"ft_load":"24000",
"source":"jme_ABSLoadingChart"
},
{ 
"line_number":459,
"product_type":"ABS SCH40/DWV 20'",
"size":"4",
"length":"20",
"pcs_lift":"57",
"ft_lift":"1140",
"lifts_load":"12",
"load_percentage":"8.3%",
"ft_load":"13680",
"source":"jme_ABSLoadingChart"
},
{ 
"line_number":460,
"product_type":"ABS SCH40/DWV 20'",
"size":"4 (West)*",
"length":"20",
"pcs_lift":"57",
"ft_lift":"1140",
"lifts_load":"16",
"load_percentage":"6.3%",
"ft_load":"18240",
"source":"jme_ABSLoadingChart"
},
{ 
"line_number":461,
"product_type":"ABS SCH40/DWV 20'",
"size":"5",
"length":"20",
"pcs_lift":"38",
"ft_lift":"760",
"lifts_load":"16",
"load_percentage":"6.3%",
"ft_load":"12160",
"source":"jme_ABSLoadingChart"
},
{ 
"line_number":462,
"product_type":"ABS SCH40/DWV 20'",
"size":"5 (West)*",
"length":"20",
"pcs_lift":"38",
"ft_lift":"760",
"lifts_load":"12",
"load_percentage":"8.3%",
"ft_load":"9120",
"source":"jme_ABSLoadingChart"
},
{ 
"line_number":463,
"product_type":"ABS SCH40/DWV 20'",
"size":"6",
"length":"20",
"pcs_lift":"26",
"ft_lift":"520",
"lifts_load":"12",
"load_percentage":"8.3%",
"ft_load":"6240",
"source":"jme_ABSLoadingChart"
},
{ 
"line_number":464,
"product_type":"ABS SCH40/DWV 20'",
"size":"6 (West)*",
"length":"20",
"pcs_lift":"26",
"ft_lift":"520",
"lifts_load":"16",
"load_percentage":"6.3%",
"ft_load":"8320",
"source":"jme_ABSLoadingChart"
},
{ 
"line_number":465,
"product_type":"PIP IRRIGATION 22'",
"size":"6",
"length":"22",
"pcs_lift":"40",
"ft_lift":"880",
"lifts_load":"12",
"load_percentage":"8.3%",
"ft_load":"10560",
"source":"jme_22FTIrrigationPIPLoadingChart"
},
{ 
"line_number":466,
"product_type":"PIP IRRIGATION 22'",
"size":"8",
"length":"22",
"pcs_lift":"36",
"ft_lift":"792",
"lifts_load":"8",
"load_percentage":"12.5%",
"ft_load":"6336",
"source":"jme_22FTIrrigationPIPLoadingChart"
},
{ 
"line_number":467,
"product_type":"PIP IRRIGATION 22'",
"size":"10",
"length":"22",
"pcs_lift":"12 / 15",
"ft_lift":"264 / 330",
"lifts_load":"6 / 6",
"load_percentage":"7.4 / 9.3%",
"ft_load":"3564",
"source":"jme_22FTIrrigationPIPLoadingChart"
},
{ 
"line_number":468,
"product_type":"PIP IRRIGATION 22'",
"size":"12",
"length":"22",
"pcs_lift":"16",
"ft_lift":"352",
"lifts_load":"8",
"load_percentage":"12.5%",
"ft_load":"2816",
"source":"jme_22FTIrrigationPIPLoadingChart"
},
{ 
"line_number":469,
"product_type":"PIP IRRIGATION 22'",
"size":"15",
"length":"22",
"pcs_lift":"9",
"ft_lift":"198",
"lifts_load":"8",
"load_percentage":"12.5%",
"ft_load":"1584",
"source":"jme_22FTIrrigationPIPLoadingChart"
},
{ 
"line_number":470,
"product_type":"PIP IRRIGATION 22'",
"size":"18",
"length":"22",
"pcs_lift":"4 / 6",
"ft_lift":"88 / 132",
"lifts_load":"2 / 2",
"load_percentage":"8.0 / 12.0%",
"ft_load":"1100",
"source":"jme_22FTIrrigationPIPLoadingChart"
},
{ 
"line_number":471,
"product_type":"PIP IRRIGATION 22'",
"size":"18",
"length":"22",
"pcs_lift":"6 / 9",
"ft_lift":"132 / 198",
"lifts_load":"2 / 2",
"load_percentage":"12.0 / 18.0%",
"ft_load":"1100",
"source":"jme_22FTIrrigationPIPLoadingChart"
},
{ 
"line_number":472,
"product_type":"PIP IRRIGATION 22'",
"size":"21",
"length":"22",
"pcs_lift":"4",
"ft_lift":"88",
"lifts_load":"8",
"load_percentage":"12.5%",
"ft_load":"704",
"source":"jme_22FTIrrigationPIPLoadingChart"
},
{ 
"line_number":473,
"product_type":"PIP IRRIGATION 22'",
"size":"24",
"length":"22",
"pcs_lift":"2 / 4",
"ft_lift":"44 / 88",
"lifts_load":"4 / 4",
"load_percentage":"8.3 / 16.7%",
"ft_load":"528",
"source":"jme_22FTIrrigationPIPLoadingChart"
},
{ 
"line_number":474,
"product_type":"PIP IRRIGATION 22'",
"size":"24",
"length":"22",
"pcs_lift":"4",
"ft_lift":"88",
"lifts_load":"8",
"load_percentage":"12.5%",
"ft_load":"704",
"source":"jme_22FTIrrigationPIPLoadingChart"
},
{ 
"line_number":475,
"product_type":"PIP IRRIGATION 22'",
"size":"27",
"length":"22",
"pcs_lift":"3",
"ft_lift":"66",
"lifts_load":"6",
"load_percentage":"16.7%",
"ft_load":"396",
"source":"jme_22FTIrrigationPIPLoadingChart"
},
{ 
"line_number":476,
"product_type":"PIP IRRIGATION 20'",
"size":"6",
"length":"20",
"pcs_lift":"40",
"ft_lift":"800",
"lifts_load":"12",
"load_percentage":"8.3%",
"ft_load":"9600",
"source":"jme_20FTIrrigationLoadingChart"
},
{ 
"line_number":477,
"product_type":"PIP IRRIGATION 20'",
"size":"8",
"length":"20",
"pcs_lift":"36",
"ft_lift":"720",
"lifts_load":"8",
"load_percentage":"12.5%",
"ft_load":"5760",
"source":"jme_20FTIrrigationLoadingChart"
},
{ 
"line_number":478,
"product_type":"PIP IRRIGATION 20'",
"size":"10",
"length":"20",
"pcs_lift":"12 / 15",
"ft_lift":"240 / 300",
"lifts_load":"6 / 6",
"load_percentage":"7.4 / 9.3%",
"ft_load":"3240",
"source":"jme_20FTIrrigationLoadingChart"
},
{ 
"line_number":479,
"product_type":"PIP IRRIGATION 20'",
"size":"12",
"length":"20",
"pcs_lift":"16",
"ft_lift":"320",
"lifts_load":"8",
"load_percentage":"12.5%",
"ft_load":"2560",
"source":"jme_20FTIrrigationLoadingChart"
},
{ 
"line_number":480,
"product_type":"PIP IRRIGATION 20'",
"size":"15",
"length":"20",
"pcs_lift":"9",
"ft_lift":"180",
"lifts_load":"8",
"load_percentage":"12.5%",
"ft_load":"1440",
"source":"jme_20FTIrrigationLoadingChart"
},
{ 
"line_number":481,
"product_type":"PIP IRRIGATION 20'",
"size":"18",
"length":"20",
"pcs_lift":"4 / 6",
"ft_lift":"80 / 120",
"lifts_load":"2 / 2",
"load_percentage":"8.0 / 12.0%",
"ft_load":"1000",
"source":"jme_20FTIrrigationLoadingChart"
},
{ 
"line_number":482,
"product_type":"PIP IRRIGATION 20'",
"size":"18",
"length":"20",
"pcs_lift":"6 / 9",
"ft_lift":"120 / 180",
"lifts_load":"2 / 2",
"load_percentage":"12.0 / 18.0%",
"ft_load":"1000",
"source":"jme_20FTIrrigationLoadingChart"
},
{ 
"line_number":483,
"product_type":"PIP IRRIGATION 20'",
"size":"21",
"length":"20",
"pcs_lift":"4",
"ft_lift":"80",
"lifts_load":"8",
"load_percentage":"12.5%",
"ft_load":"640",
"source":"jme_20FTIrrigationLoadingChart"
},
{ 
"line_number":484,
"product_type":"PIP IRRIGATION 20'",
"size":"24",
"length":"20",
"pcs_lift":"2 / 4",
"ft_lift":"40 / 80",
"lifts_load":"4 / 4",
"load_percentage":"8.3 / 16.7%",
"ft_load":"480",
"source":"jme_20FTIrrigationLoadingChart"
},
{ 
"line_number":485,
"product_type":"PIP IRRIGATION 20'",
"size":"24 (West)*",
"length":"20",
"pcs_lift":"4",
"ft_lift":"80",
"lifts_load":"8",
"load_percentage":"12.5%",
"ft_load":"640",
"source":"jme_20FTIrrigationLoadingChart"
},
{ 
"line_number":486,
"product_type":"PIP IRRIGATION 20'",
"size":"27",
"length":"20",
"pcs_lift":"3",
"ft_lift":"60",
"lifts_load":"6",
"load_percentage":"16.7%",
"ft_load":"360",
"source":"jme_20FTIrrigationLoadingChart"
},
{ 
"line_number":487,
"product_type":"LOW HEAD (100-FT HD) PIP/IP 20'",
"size":"8",
"length":"20",
"pcs_lift":"14",
"ft_lift":"280",
"lifts_load":"16",
"load_percentage":"6.3%",
"ft_load":"4480",
"source":"jme_20FTIrrigationLoadingChart"
},
{ 
"line_number":488,
"product_type":"LOW HEAD (100-FT HD) PIP/IP 20'",
"size":"10",
"length":"20",
"pcs_lift":"11",
"ft_lift":"220",
"lifts_load":"12",
"load_percentage":"8.3%",
"ft_load":"2640",
"source":"jme_20FTIrrigationLoadingChart"
},
{ 
"line_number":489,
"product_type":"LOW HEAD (100-FT HD) PIP/IP 20'",
"size":"12",
"length":"20",
"pcs_lift":"8 / 11",
"ft_lift":"160 / 220",
"lifts_load":"6 / 6",
"load_percentage":"7.0 / 9.6%",
"ft_load":"2280",
"source":"jme_20FTIrrigationLoadingChart"
},
{ 
"line_number":490,
"product_type":"LOW HEAD (100-FT HD) PIP/IP 20'",
"size":"15",
"length":"20",
"pcs_lift":"3 / 8",
"ft_lift":"60 / 160",
"lifts_load":"4 / 8",
"load_percentage":"3.9 / 10.5%",
"ft_load":"1520",
"source":"jme_20FTIrrigationLoadingChart"
},
{ 
"line_number":491,
"product_type":"LOW HEAD (100-FT HD) PIP/IP 20'",
"size":"18",
"length":"20",
"pcs_lift":"2 / 3",
"ft_lift":"40 / 60",
"lifts_load":"2 / 2",
"load_percentage":"4.0 / 6.0%",
"ft_load":"1000",
"source":"jme_20FTIrrigationLoadingChart"
},
{ 
"line_number":492,
"product_type":"LOW HEAD (100-FT HD) PIP/IP 20'",
"size":"18",
"length":"20",
"pcs_lift":"4 / 6",
"ft_lift":"80 / 120",
"lifts_load":"4 / 4",
"load_percentage":"8.0 / 12.0%",
"ft_load":"1000",
"source":"jme_20FTIrrigationLoadingChart"
},
{ 
"line_number":493,
"product_type":"LOW HEAD (100-FT HD) PIP/IP 20'",
"size":"20",
"length":"20",
"pcs_lift":"2 / 4",
"ft_lift":"40 / 80",
"lifts_load":"4 / 8",
"load_percentage":"5.0 / 10.0%",
"ft_load":"800",
"source":"jme_20FTIrrigationLoadingChart"
},
{ 
"line_number":494,
"product_type":"SCH40/SCH80 CONDUIT UL 651 NEMA TC-2 10'",
"size":"1/2",
"length":"10",
"pcs_lift":"300",
"ft_lift":"3000",
"lifts_load":"80",
"load_percentage":"1.25%",
"ft_load":"240000",
"source":"ElectricalConduitLoadingChart_0"
},
{ 
"line_number":495,
"product_type":"SCH40/SCH80 CONDUIT UL 651 NEMA TC-2 10'",
"size":"3/4",
"length":"10",
"pcs_lift":"220",
"ft_lift":"2200",
"lifts_load":"80",
"load_percentage":"1.25%",
"ft_load":"176000",
"source":"ElectricalConduitLoadingChart_0"
},
{ 
"line_number":496,
"product_type":"SCH40/SCH80 CONDUIT UL 651 NEMA TC-2 10'",
"size":"1",
"length":"10",
"pcs_lift":"180",
"ft_lift":"1800",
"lifts_load":"80",
"load_percentage":"1.25%",
"ft_load":"144000",
"source":"ElectricalConduitLoadingChart_0"
},
{ 
"line_number":497,
"product_type":"SCH40/SCH80 CONDUIT UL 651 NEMA TC-2 10'",
"size":"1 1/4",
"length":"10",
"pcs_lift":"90",
"ft_lift":"900",
"lifts_load":"80",
"load_percentage":"1.25%",
"ft_load":"72000",
"source":"ElectricalConduitLoadingChart_0"
},
{ 
"line_number":498,
"product_type":"SCH40/SCH80 CONDUIT UL 651 NEMA TC-2 10'",
"size":"1 1/2",
"length":"10",
"pcs_lift":"90",
"ft_lift":"900",
"lifts_load":"80",
"load_percentage":"1.25%",
"ft_load":"72000",
"source":"ElectricalConduitLoadingChart_0"
},
{ 
"line_number":499,
"product_type":"SCH40/SCH80 CONDUIT UL 651 NEMA TC-2 10'",
"size":"2",
"length":"10",
"pcs_lift":"70",
"ft_lift":"700",
"lifts_load":"72",
"load_percentage":"1.39%",
"ft_load":"50400",
"source":"ElectricalConduitLoadingChart_0"
},
{ 
"line_number":500,
"product_type":"SCH40/SCH80 CONDUIT UL 651 NEMA TC-2 10'",
"size":"2 1/2",
"length":"10",
"pcs_lift":"50",
"ft_lift":"500",
"lifts_load":"56",
"load_percentage":"1.79%",
"ft_load":"28000",
"source":"ElectricalConduitLoadingChart_0"
},
{ 
"line_number":501,
"product_type":"SCH40/SCH80 CONDUIT UL 651 NEMA TC-2 10'",
"size":"2 1/2 (West)*",
"length":"10",
"pcs_lift":"50",
"ft_lift":"500",
"lifts_load":"64",
"load_percentage":"1.56%",
"ft_load":"32000",
"source":"ElectricalConduitLoadingChart_0"
},
{ 
"line_number":502,
"product_type":"SCH40/SCH80 CONDUIT UL 651 NEMA TC-2 10'",
"size":"3",
"length":"10",
"pcs_lift":"50",
"ft_lift":"500",
"lifts_load":"48",
"load_percentage":"2.08%",
"ft_load":"24000",
"source":"ElectricalConduitLoadingChart_0"
},
{ 
"line_number":504,
"product_type":"SCH40/SCH80 CONDUIT UL 651 NEMA TC-2 10'",
"size":"1/2",
"length":"10",
"pcs_lift":"600",
"ft_lift":"6000",
"lifts_load":"72",
"load_percentage":"1.39%",
"ft_load":"432000",
"source":"ElectricalConduitLoadingChart_0"
},
{ 
"line_number":505,
"product_type":"SCH40/SCH80 CONDUIT UL 651 NEMA TC-2 10'",
"size":"3/4",
"length":"10",
"pcs_lift":"440",
"ft_lift":"4400",
"lifts_load":"56",
"load_percentage":"1.79%",
"ft_load":"246400",
"source":"ElectricalConduitLoadingChart_0"
},
{ 
"line_number":506,
"product_type":"SCH40/SCH80 CONDUIT UL 651 NEMA TC-2 10'",
"size":"1",
"length":"10",
"pcs_lift":"360",
"ft_lift":"3600",
"lifts_load":"48",
"load_percentage":"2.08%",
"ft_load":"172800",
"source":"ElectricalConduitLoadingChart_0"
},
{ 
"line_number":507,
"product_type":"SCH40/SCH80 CONDUIT UL 651 NEMA TC-2 10'",
"size":"1 1/4",
"length":"10",
"pcs_lift":"330",
"ft_lift":"3300",
"lifts_load":"40",
"load_percentage":"2.50%",
"ft_load":"132000",
"source":"ElectricalConduitLoadingChart_0"
},
{ 
"line_number":508,
"product_type":"SCH40/SCH80 CONDUIT UL 651 NEMA TC-2 10'",
"size":"1 1/2",
"length":"10",
"pcs_lift":"225",
"ft_lift":"2250",
"lifts_load":"40",
"load_percentage":"2.50%",
"ft_load":"90000",
"source":"ElectricalConduitLoadingChart_0"
},
{ 
"line_number":509,
"product_type":"SCH40/SCH80 CONDUIT UL 651 NEMA TC-2 10'",
"size":"2",
"length":"10",
"pcs_lift":"140",
"ft_lift":"1400",
"lifts_load":"40",
"load_percentage":"2.50%",
"ft_load":"56000",
"source":"ElectricalConduitLoadingChart_0"
},
{ 
"line_number":510,
"product_type":"SCH40/SCH80 CONDUIT UL 651 NEMA TC-2 10'",
"size":"2 1/2",
"length":"10",
"pcs_lift":"93",
"ft_lift":"930",
"lifts_load":"40",
"load_percentage":"2.50%",
"ft_load":"37200",
"source":"ElectricalConduitLoadingChart_0"
},
{ 
"line_number":511,
"product_type":"SCH40/SCH80 CONDUIT UL 651 NEMA TC-2 10'",
"size":"3",
"length":"10",
"pcs_lift":"88",
"ft_lift":"880",
"lifts_load":"32",
"load_percentage":"3.13%",
"ft_load":"28160",
"source":"ElectricalConduitLoadingChart_0"
},
{ 
"line_number":512,
"product_type":"SCH40/SCH80 CONDUIT UL 651 NEMA TC-2 10'",
"size":"3 1/2",
"length":"10",
"pcs_lift":"63",
"ft_lift":"630",
"lifts_load":"32",
"load_percentage":"3.13%",
"ft_load":"20160",
"source":"ElectricalConduitLoadingChart_0"
},
{ 
"line_number":513,
"product_type":"SCH40/SCH80 CONDUIT UL 651 NEMA TC-2 10'",
"size":"4",
"length":"10",
"pcs_lift":"57",
"ft_lift":"570",
"lifts_load":"24",
"load_percentage":"4.17%",
"ft_load":"13680",
"source":"ElectricalConduitLoadingChart_0"
},
{ 
"line_number":514,
"product_type":"SCH40/SCH80 CONDUIT UL 651 NEMA TC-2 10'",
"size":"4 (West)*",
"length":"10",
"pcs_lift":"57",
"ft_lift":"570",
"lifts_load":"32",
"load_percentage":"3.13%",
"ft_load":"18240",
"source":"ElectricalConduitLoadingChart_0"
},
{ 
"line_number":515,
"product_type":"SCH40/SCH80 CONDUIT UL 651 NEMA TC-2 10'",
"size":"5",
"length":"10",
"pcs_lift":"38",
"ft_lift":"380",
"lifts_load":"24",
"load_percentage":"4.17%",
"ft_load":"9120",
"source":"ElectricalConduitLoadingChart_0"
},
{ 
"line_number":516,
"product_type":"SCH40/SCH80 CONDUIT UL 651 NEMA TC-2 10'",
"size":"6",
"length":"10",
"pcs_lift":"26",
"ft_lift":"260",
"lifts_load":"24",
"load_percentage":"4.17%",
"ft_load":"6240",
"source":"ElectricalConduitLoadingChart_0"
},
{ 
"line_number":517,
"product_type":"SCH40/SCH80 CONDUIT UL 651 NEMA TC-2 10'",
"size":"6 (West)*",
"length":"10",
"pcs_lift":"26",
"ft_lift":"260",
"lifts_load":"32",
"load_percentage":"3.13%",
"ft_load":"8320",
"source":"ElectricalConduitLoadingChart_0"
},
{ 
"line_number":518,
"product_type":"SE IPS SCH40/DWV SOLID WALL PVC PLAIN OR BELL END 10'",
"size":"1/2",
"length":"10",
"pcs_lift":"300",
"ft_lift":"3000",
"lifts_load":"104",
"load_percentage":"0.96%",
"ft_load":"312000",
"source":"jme_SolvetWeldLoadingChart_0"
},
{ 
"line_number":519,
"product_type":"SE IPS SCH40/DWV SOLID WALL PVC PLAIN OR BELL END 10'",
"size":"1/2 (West)*",
"length":"10",
"pcs_lift":"300",
"ft_lift":"3000",
"lifts_load":"112",
"load_percentage":"0.89%",
"ft_load":"336000",
"source":"jme_SolvetWeldLoadingChart_0"
},
{ 
"line_number":520,
"product_type":"SE IPS SCH40/DWV SOLID WALL PVC PLAIN OR BELL END 10'",
"size":"3/4",
"length":"10",
"pcs_lift":"220",
"ft_lift":"2200",
"lifts_load":"88",
"load_percentage":"1.1%",
"ft_load":"193600",
"source":"jme_SolvetWeldLoadingChart_0"
},
{ 
"line_number":521,
"product_type":"SE IPS SCH40/DWV SOLID WALL PVC PLAIN OR BELL END 10'",
"size":"3/4 (West)*",
"length":"10",
"pcs_lift":"220",
"ft_lift":"2200",
"lifts_load":"96",
"load_percentage":"1.0%",
"ft_load":"211200",
"source":"jme_SolvetWeldLoadingChart_0"
},
{ 
"line_number":522,
"product_type":"SE IPS SCH40/DWV SOLID WALL PVC PLAIN OR BELL END 10'",
"size":"1",
"length":"10",
"pcs_lift":"180",
"ft_lift":"1800",
"lifts_load":"80",
"load_percentage":"1.3%",
"ft_load":"144000",
"source":"jme_SolvetWeldLoadingChart_0"
},
{ 
"line_number":523,
"product_type":"SE IPS SCH40/DWV SOLID WALL PVC PLAIN OR BELL END 10'",
"size":"1 (West)*",
"length":"10",
"pcs_lift":"180",
"ft_lift":"1800",
"lifts_load":"88",
"load_percentage":"1.1%",
"ft_load":"158400",
"source":"jme_SolvetWeldLoadingChart_0"
},
{ 
"line_number":524,
"product_type":"SE IPS SCH40/DWV SOLID WALL PVC PLAIN OR BELL END 10'",
"size":"1 1/4",
"length":"10",
"pcs_lift":"90",
"ft_lift":"900",
"lifts_load":"88",
"load_percentage":"1.1%",
"ft_load":"79200",
"source":"jme_SolvetWeldLoadingChart_0"
},
{ 
"line_number":525,
"product_type":"SE IPS SCH40/DWV SOLID WALL PVC PLAIN OR BELL END 10'",
"size":"1 1/4 (West)*",
"length":"10",
"pcs_lift":"90",
"ft_lift":"900",
"lifts_load":"96",
"load_percentage":"1.0%",
"ft_load":"86400",
"source":"jme_SolvetWeldLoadingChart_0"
},
{ 
"line_number":526,
"product_type":"SE IPS SCH40/DWV SOLID WALL PVC PLAIN OR BELL END 10'",
"size":"1 1/2",
"length":"10",
"pcs_lift":"90",
"ft_lift":"900",
"lifts_load":"80",
"load_percentage":"1.3%",
"ft_load":"72000",
"source":"jme_SolvetWeldLoadingChart_0"
},
{ 
"line_number":527,
"product_type":"SE IPS SCH40/DWV SOLID WALL PVC PLAIN OR BELL END 10'",
"size":"2",
"length":"10",
"pcs_lift":"105",
"ft_lift":"1050",
"lifts_load":"48",
"load_percentage":"2.1%",
"ft_load":"50400",
"source":"jme_SolvetWeldLoadingChart_0"
},
{ 
"line_number":528,
"product_type":"SE IPS SCH40/DWV SOLID WALL PVC PLAIN OR BELL END 10'",
"size":"2 1/2",
"length":"10",
"pcs_lift":"73",
"ft_lift":"730",
"lifts_load":"48",
"load_percentage":"2.1%",
"ft_load":"35040",
"source":"jme_SolvetWeldLoadingChart_0"
},
{ 
"line_number":529,
"product_type":"SE IPS SCH40/DWV SOLID WALL PVC PLAIN OR BELL END 10'",
"size":"3",
"length":"10",
"pcs_lift":"75",
"ft_lift":"750",
"lifts_load":"32",
"load_percentage":"3.1%",
"ft_load":"24000",
"source":"jme_SolvetWeldLoadingChart_0"
},
{ 
"line_number":530,
"product_type":"SE IPS SCH40/DWV SOLID WALL PVC PLAIN OR BELL END 10'",
"size":"3 (West)*",
"length":"10",
"pcs_lift":"75",
"ft_lift":"750",
"lifts_load":"40",
"load_percentage":"2.5%",
"ft_load":"30000",
"source":"jme_SolvetWeldLoadingChart_0"
},
{ 
"line_number":531,
"product_type":"SE IPS SCH40/DWV SOLID WALL PVC PLAIN OR BELL END 10'",
"size":"4",
"length":"10",
"pcs_lift":"57",
"ft_lift":"570",
"lifts_load":"24",
"load_percentage":"4.2%",
"ft_load":"13680",
"source":"jme_SolvetWeldLoadingChart_0"
},
{ 
"line_number":532,
"product_type":"SE IPS SCH40/DWV SOLID WALL PVC PLAIN OR BELL END 10'",
"size":"4 (West)*",
"length":"10",
"pcs_lift":"57",
"ft_lift":"570",
"lifts_load":"32",
"load_percentage":"3.1%",
"ft_load":"18240",
"source":"jme_SolvetWeldLoadingChart_0"
},
{ 
"line_number":533,
"product_type":"SE IPS SCH40/DWV SOLID WALL PVC PLAIN OR BELL END 10'",
"size":"6",
"length":"10",
"pcs_lift":"26",
"ft_lift":"260",
"lifts_load":"24",
"load_percentage":"4.2%",
"ft_load":"6240",
"source":"jme_SolvetWeldLoadingChart_0"
},
{ 
"line_number":534,
"product_type":"SE IPS SCH40/DWV SOLID WALL PVC PLAIN OR BELL END 10'",
"size":"6 (West)*",
"length":"10",
"pcs_lift":"26",
"ft_lift":"260",
"lifts_load":"32",
"load_percentage":"3.1%",
"ft_load":"8320",
"source":"jme_SolvetWeldLoadingChart_0"
},
{ 
"line_number":535,
"product_type":"SE IPS SCH40/DWV SOLID WALL PVC PLAIN OR BELLED END 20'",
"size":"1/2",
"length":"20",
"pcs_lift":"360",
"ft_lift":"7200",
"lifts_load":"36",
"load_percentage":"2.8%",
"ft_load":"259200",
"source":"jme_SolvetWeldLoadingChart_0"
},
{ 
"line_number":536,
"product_type":"SE IPS SCH40/DWV SOLID WALL PVC PLAIN OR BELLED END 20'",
"size":"1/2 (West)*",
"length":"20",
"pcs_lift":"360",
"ft_lift":"7200",
"lifts_load":"40",
"load_percentage":"2.5%",
"ft_load":"288000",
"source":"jme_SolvetWeldLoadingChart_0"
},
{ 
"line_number":537,
"product_type":"SE IPS SCH40/DWV SOLID WALL PVC PLAIN OR BELLED END 20'",
"size":"3/4",
"length":"20",
"pcs_lift":"400",
"ft_lift":"8000",
"lifts_load":"24",
"load_percentage":"4.2%",
"ft_load":"192000",
"source":"jme_SolvetWeldLoadingChart_0"
},
{ 
"line_number":538,
"product_type":"SE IPS SCH40/DWV SOLID WALL PVC PLAIN OR BELLED END 20'",
"size":"3/4 (West)*",
"length":"20",
"pcs_lift":"400",
"ft_lift":"8000",
"lifts_load":"28",
"load_percentage":"3.6%",
"ft_load":"224000",
"source":"jme_SolvetWeldLoadingChart_0"
},
{ 
"line_number":539,
"product_type":"SE IPS SCH40/DWV SOLID WALL PVC PLAIN OR BELLED END 20'",
"size":"1",
"length":"20",
"pcs_lift":"280",
"ft_lift":"5600",
"lifts_load":"20",
"load_percentage":"5.0%",
"ft_load":"112000",
"source":"jme_SolvetWeldLoadingChart_0"
},
{ 
"line_number":540,
"product_type":"SE IPS SCH40/DWV SOLID WALL PVC PLAIN OR BELLED END 20'",
"size":"1 (West)*",
"length":"20",
"pcs_lift":"280",
"ft_lift":"5600",
"lifts_load":"24",
"load_percentage":"4.2%",
"ft_load":"134400",
"source":"jme_SolvetWeldLoadingChart_0"
},
{ 
"line_number":541,
"product_type":"SE IPS SCH40/DWV SOLID WALL PVC PLAIN OR BELLED END 20'",
"size":"1 1/4",
"length":"20",
"pcs_lift":"220",
"ft_lift":"4400",
"lifts_load":"24",
"load_percentage":"4.2%",
"ft_load":"105600",
"source":"jme_SolvetWeldLoadingChart_0"
},
{ 
"line_number":542,
"product_type":"SE IPS SCH40/DWV SOLID WALL PVC PLAIN OR BELLED END 20'",
"size":"1 1/4 (West)*",
"length":"20",
"pcs_lift":"220",
"ft_lift":"4400",
"lifts_load":"28",
"load_percentage":"3.6%",
"ft_load":"123200",
"source":"jme_SolvetWeldLoadingChart_0"
},
{ 
"line_number":543,
"product_type":"SE IPS SCH40/DWV SOLID WALL PVC PLAIN OR BELLED END 20'",
"size":"1 1/2",
"length":"20",
"pcs_lift":"180",
"ft_lift":"3600",
"lifts_load":"24",
"load_percentage":"4.2%",
"ft_load":"86400",
"source":"jme_SolvetWeldLoadingChart_0"
},
{ 
"line_number":544,
"product_type":"SE IPS SCH40/DWV SOLID WALL PVC PLAIN OR BELLED END 20'",
"size":"2",
"length":"20",
"pcs_lift":"105",
"ft_lift":"2100",
"lifts_load":"24",
"load_percentage":"4.2%",
"ft_load":"50400",
"source":"jme_SolvetWeldLoadingChart_0"
},
{ 
"line_number":545,
"product_type":"SE IPS SCH40/DWV SOLID WALL PVC PLAIN OR BELLED END 20'",
"size":"2 1/2",
"length":"20",
"pcs_lift":"73",
"ft_lift":"1460",
"lifts_load":"24",
"load_percentage":"4.2%",
"ft_load":"35040",
"source":"jme_SolvetWeldLoadingChart_0"
},
{ 
"line_number":546,
"product_type":"SE IPS SCH40/DWV SOLID WALL PVC PLAIN OR BELLED END 20'",
"size":"3",
"length":"20",
"pcs_lift":"75",
"ft_lift":"1500",
"lifts_load":"16",
"load_percentage":"6.3%",
"ft_load":"24000",
"source":"jme_SolvetWeldLoadingChart_0"
},
{ 
"line_number":547,
"product_type":"SE IPS SCH40/DWV SOLID WALL PVC PLAIN OR BELLED END 20'",
"size":"4",
"length":"20",
"pcs_lift":"57",
"ft_lift":"1140",
"lifts_load":"12",
"load_percentage":"8.3%",
"ft_load":"13680",
"source":"jme_SolvetWeldLoadingChart_0"
},
{ 
"line_number":548,
"product_type":"SE IPS SCH40/DWV SOLID WALL PVC PLAIN OR BELLED END 20'",
"size":"4 (West)*",
"length":"20",
"pcs_lift":"57",
"ft_lift":"1140",
"lifts_load":"16",
"load_percentage":"6.3%",
"ft_load":"18240",
"source":"jme_SolvetWeldLoadingChart_0"
},
{ 
"line_number":549,
"product_type":"SE IPS SCH40/DWV SOLID WALL PVC PLAIN OR BELLED END 20'",
"size":"5",
"length":"20",
"pcs_lift":"38",
"ft_lift":"760",
"lifts_load":"12",
"load_percentage":"8.3%",
"ft_load":"9120",
"source":"jme_SolvetWeldLoadingChart_0"
},
{ 
"line_number":550,
"product_type":"SE IPS SCH40/DWV SOLID WALL PVC PLAIN OR BELLED END 20'",
"size":"5 (West)*",
"length":"20",
"pcs_lift":"38",
"ft_lift":"760",
"lifts_load":"16",
"load_percentage":"6.3%",
"ft_load":"12160",
"source":"jme_SolvetWeldLoadingChart_0"
},
{ 
"line_number":551,
"product_type":"SE IPS SCH40/DWV SOLID WALL PVC PLAIN OR BELLED END 20'",
"size":"6",
"length":"20",
"pcs_lift":"26",
"ft_lift":"520",
"lifts_load":"12",
"load_percentage":"8.3%",
"ft_load":"6240",
"source":"jme_SolvetWeldLoadingChart_0"
},
{ 
"line_number":552,
"product_type":"SE IPS SCH40/DWV SOLID WALL PVC PLAIN OR BELLED END 20'",
"size":"6 (West)*",
"length":"20",
"pcs_lift":"26",
"ft_lift":"520",
"lifts_load":"16",
"load_percentage":"6.3%",
"ft_load":"8320",
"source":"jme_SolvetWeldLoadingChart_0"
},
{ 
"line_number":562,
"product_type":"SE IPS SCH40/DWV SOLID WALL PVC PLAIN OR BELLED END 20'",
"size":"8",
"length":"20",
"pcs_lift":"15",
"ft_lift":"300",
"lifts_load":"12",
"load_percentage":"8.3%",
"ft_load":"3600",
"source":"jme_SolvetWeldLoadingChart_0"
},
{ 
"line_number":563,
"product_type":"SE IPS SCH40/DWV SOLID WALL PVC PLAIN OR BELLED END 20'",
"size":"8 (West)*",
"length":"20",
"pcs_lift":"20",
"ft_lift":"400",
"lifts_load":"12",
"load_percentage":"8.3%",
"ft_load":"4800",
"source":"jme_SolvetWeldLoadingChart_0"
},
{ 
"line_number":564,
"product_type":"SE IPS SCH40/DWV SOLID WALL PVC PLAIN OR BELLED END 20'",
"size":"10",
"length":"20",
"pcs_lift":"12",
"ft_lift":"240",
"lifts_load":"12",
"load_percentage":"8.3%",
"ft_load":"2880",
"source":"jme_SolvetWeldLoadingChart_0"
},
{ 
"line_number":565,
"product_type":"SE IPS SCH40/DWV SOLID WALL PVC PLAIN OR BELLED END 20'",
"size":"12",
"length":"20",
"pcs_lift":"6 / 8",
"ft_lift":"120 / 160",
"lifts_load":"6 / 6",
"load_percentage":"7.1 / 9.5%",
"ft_load":"1680",
"source":"jme_SolvetWeldLoadingChart_0"
},
{ 
"line_number":566,
"product_type":"SE IPS SCH40/DWV SOLID WALL PVC PLAIN OR BELLED END 20'",
"size":"12 (West)*",
"length":"20",
"pcs_lift":"6 / 8",
"ft_lift":"120 / 160",
"lifts_load":"8 / 8",
"load_percentage":"5.4 / 7.1%",
"ft_load":"2240",
"source":"jme_SolvetWeldLoadingChart_0"
},
{ 
"line_number":567,
"product_type":"SE IPS SCH40/DWV SOLID WALL PVC PLAIN OR BELLED END 20'",
"size":"14",
"length":"20",
"pcs_lift":"9 / 12",
"ft_lift":"180 / 240",
"lifts_load":"4 / 4",
"load_percentage":"10.7 / 14.3%",
"ft_load":"1680",
"source":"jme_SolvetWeldLoadingChart_0"
},
{ 
"line_number":568,
"product_type":"SE IPS SCH40/DWV SOLID WALL PVC PLAIN OR BELLED END 20'",
"size":"16",
"length":"20",
"pcs_lift":"6 / 9",
"ft_lift":"120 / 180",
"lifts_load":"4 / 4",
"load_percentage":"10.0 / 15.0%",
"ft_load":"1200",
"source":"jme_SolvetWeldLoadingChart_0"
},
{ 
"line_number":571,
"product_type":"AWWA C900 PVC 20'",
"size":"12 DR 18, 25",
"length":"20",
"pcs_lift":"9 /12",
"ft_lift":"180 / 240",
"lifts_load":"2 / 2",
"load_percentage":"9.2 / 12.2%",
"ft_load":"1960",
"source":"jme_CIODLoadingChart"
},
{ 
"line_number":569,
"product_type":"GRAVITY SEWER 14'",
"size":"18",
"length":"14",
"pcs_lift":"6 / 9",
"ft_lift":"84 / 126",
"lifts_load":"3 / 3",
"load_percentage":"8.0 / 12.0%",
"ft_load":"1050",
"source":"jme_GravitySewerLoadingChart"
},
{ 
"line_number":570,
"product_type":"GRAVITY SEWER 20'",
"size":"18",
"length":"20",
"pcs_lift":"6 / 9",
"ft_lift":"120 / 180",
"lifts_load":"2 / 2",
"load_percentage":"12.0 / 18.0%",
"ft_load":"1000",
"source":"jme_GravitySewerLoadingChart"
},
{ 
"line_number":572,
"product_type":"SCH 80 WATER PIPE 20 LENGTH",
"size":"1/2",
"length":"20",
"pcs_lift":"300",
"ft_lift":"6,000",
"lifts_load":"32",
"load_percentage":"3.1%",
"ft_load":"192,000",
"source":"jme_SolvetWeldLoadingChart_0 "
},
{ 
"line_number":573,
"product_type":"SCH 80 WATER PIPE 20 LENGTH",
"size":"3/4",
"length":"20",
"pcs_lift":"243",
"ft_lift":"4,860",
"lifts_load":"32",
"load_percentage":"3.1%",
"ft_load":"155,520",
"source":"jme_SolvetWeldLoadingChart_0 "
},
{ 
"line_number":574,
"product_type":"SCH 80 WATER PIPE 20 LENGTH",
"size":"1",
"length":"20",
"pcs_lift":"130",
"ft_lift":"2,600",
"lifts_load":"40",
"load_percentage":"2.5%",
"ft_load":"104,000",
"source":"jme_SolvetWeldLoadingChart_0 "
},
{ 
"line_number":575,
"product_type":"SCH 80 WATER PIPE 20 LENGTH",
"size":"1 1/4",
"length":"20",
"pcs_lift":"196",
"ft_lift":"3,920",
"lifts_load":"28",
"load_percentage":"3.6%",
"ft_load":"109,760",
"source":"jme_SolvetWeldLoadingChart_0 "
},
{ 
"line_number":576,
"product_type":"SCH 80 WATER PIPE 20 LENGTH",
"size":"1 1/4 (West)*",
"length":"20",
"pcs_lift":"196",
"ft_lift":"3,920",
"lifts_load":"32",
"load_percentage":"3.1%",
"ft_load":"125,440",
"source":"jme_SolvetWeldLoadingChart_0 "
},
{ 
"line_number":577,
"product_type":"SCH 80 WATER PIPE 20 LENGTH",
"size":"1 1/2",
"length":"20",
"pcs_lift":"151",
"ft_lift":"3,020",
"lifts_load":"28",
"load_percentage":"3.6%",
"ft_load":"84,560",
"source":"jme_SolvetWeldLoadingChart_0 "
},
{ 
"line_number":578,
"product_type":"SCH 80 WATER PIPE 20 LENGTH",
"size":"1 1/2 (West)*",
"length":"20",
"pcs_lift":"151",
"ft_lift":"3,020",
"lifts_load":"32",
"load_percentage":"3.1%",
"ft_load":"96,640",
"source":"jme_SolvetWeldLoadingChart_0 "
},
{ 
"line_number":579,
"product_type":"SCH 80 WATER PIPE 20 LENGTH",
"size":"2",
"length":"20",
"pcs_lift":"105",
"ft_lift":"2,100",
"lifts_load":"28",
"load_percentage":"3.6%",
"ft_load":"58,800",
"source":"jme_SolvetWeldLoadingChart_0 "
},
{ 
"line_number":580,
"product_type":"SCH 80 WATER PIPE 20 LENGTH",
"size":"2 1/2",
"length":"20",
"pcs_lift":"93",
"ft_lift":"1,860",
"lifts_load":"20",
"load_percentage":"5.0%",
"ft_load":"37,200",
"source":"jme_SolvetWeldLoadingChart_0 "
},
{ 
"line_number":581,
"product_type":"SCH 80 WATER PIPE 20 LENGTH",
"size":"2 1/2 (West)*",
"length":"20",
"pcs_lift":"93",
"ft_lift":"1,860",
"lifts_load":"24",
"load_percentage":"4.2%",
"ft_load":"44,640",
"source":"jme_SolvetWeldLoadingChart_0 "
},
{ 
"line_number":582,
"product_type":"SCH 80 WATER PIPE 20 LENGTH",
"size":"3",
"length":"20",
"pcs_lift":"88",
"ft_lift":"1,760",
"lifts_load":"16",
"load_percentage":"6.3%",
"ft_load":"28,160",
"source":"jme_SolvetWeldLoadingChart_0 "
},
{ 
"line_number":583,
"product_type":"SCH 80 WATER PIPE 20 LENGTH",
"size":"4",
"length":"20",
"pcs_lift":"29",
"ft_lift":"580",
"lifts_load":"28",
"load_percentage":"3.6%",
"ft_load":"16,240",
"source":"jme_SolvetWeldLoadingChart_0 "
},
{ 
"line_number":584,
"product_type":"SCH 80 WATER PIPE 20 LENGTH",
"size":"6",
"length":"20",
"pcs_lift":"20",
"ft_lift":"400",
"lifts_load":"20",
"load_percentage":"5.0%",
"ft_load":"8,000",
"source":"jme_SolvetWeldLoadingChart_0 "
},
{ 
"line_number":585,
"product_type":"SCH 80 WATER PIPE 20 LENGTH",
"size":"8",
"length":"20",
"pcs_lift":"14",
"ft_lift":"280",
"lifts_load":"16",
"load_percentage":"6.3%",
"ft_load":"4,480",
"source":"jme_SolvetWeldLoadingChart_0 "
},
{ 
"line_number":586,
"product_type":"SCH 80 WATER PIPE 20 LENGTH",
"size":"10",
"length":"20",
"pcs_lift":"8",
"ft_lift":"160",
"lifts_load":"16",
"load_percentage":"6.3%",
"ft_load":"2,560",
"source":"jme_SolvetWeldLoadingChart_0 "
},
{ 
"line_number":587,
"product_type":"SCH 80 WATER PIPE 20 LENGTH",
"size":"12",
"length":"20",
"pcs_lift":"6",
"ft_lift":"120",
"lifts_load":"12",
"load_percentage":"8.3%",
"ft_load":"1,440",
"source":"jme_SolvetWeldLoadingChart_0 "
}]